Date,Point_Forecast,Lower_95,Upper_95,Lower_50,Upper_50,Interval_Width_95,Coverage_Achieved
2024-01-01,903.2792872893751,837.1051881326716,1160.4312300569202,921.2065648654267,1055.6246146489614,323.32604192424856,1
2024-01-02,889.1523614463998,805.4923008583695,1161.7519732882035,915.2034621406058,1076.4321199654987,356.25967242983404,1
2024-01-03,905.36302460791,797.4651362024283,1172.6713864601716,903.2792872893751,1059.8712986183086,375.20625025774325,1
2024-01-04,925.1043608768541,815.5853482958223,1154.9197484271776,927.339974782144,1041.0000395300385,339.3344001313553,1
2024-01-05,927.3981569800409,813.1107475144446,1177.0912344428,919.3903520501956,1046.3632289713958,363.9804869283554,1
2024-01-06,966.4990653830915,819.5559702165489,1137.1590907641737,919.2282123045626,1062.706920926536,317.6031205476248,1
2024-01-07,1071.2802842160893,802.1550335889191,1160.1162116933447,909.3172323187569,1049.0453420363724,357.9611781044256,1
2024-01-08,1082.2656820281102,811.1662657437842,1133.7825269637192,896.7175367141567,1039.8976007505662,322.61626121993504,1
2024-01-09,1049.8676965048455,797.7665779967949,1160.1162116933447,900.3869434364519,1047.817955059037,362.34963369654974,1
2024-01-10,1161.7441701324767,800.0214821406516,1161.759033286242,903.2280239613968,1025.001890858035,361.73755114559026,1
2024-01-11,873.2005481291144,797.3180244474648,1163.321054076556,900.5202922358237,1034.7270940397525,366.0030296290912,1
2024-01-12,1130.642892722857,824.3008965121452,1133.7825269637192,911.5618492531474,1023.9904540136463,309.481630451574,0
2024-01-13,955.1763734061087,819.6186332620545,1205.7906246555679,897.7874883340394,1039.2246645479981,386.1719913935134,1
2024-01-14,1003.1188320063774,821.4573122045944,1135.5111935266727,921.1750236866579,1039.9939026933507,314.0538813220784,1
2024-01-15,989.6707009786029,810.1557956677013,1137.1590907641737,915.4548838119091,1040.4696738779212,327.00329509647236,1
2024-01-16,957.9109427320263,840.9020732049607,1165.9323410794882,920.4955991318393,1050.2492530433,325.03026787452745,1
2024-01-17,1005.5219416881109,798.2623477092125,1138.3809100056055,926.1423844932954,1059.328655548505,340.11856229639307,1
2024-01-18,859.5149202120192,838.9520961237313,1157.688798833547,909.1387900657453,1044.9760749170184,318.73670270981575,1
2024-01-19,903.5168614820726,803.3527642091079,1181.7313015775019,900.5202922358237,1069.8257180308124,378.37853736839395,1
2024-01-20,810.1696362018546,807.3705403404767,1119.1148411191016,908.7556503359497,1033.3955331625561,311.74430077862485,1
2024-01-21,903.0271322277381,810.0499433291019,1156.2615869642798,924.3097685671189,1075.2347674621567,346.2116436351779,1
2024-01-22,835.0707534975087,787.9311779821628,1149.9553733685088,927.1501913173261,1061.1401703833678,362.02419538634604,1
2024-01-23,865.9687269622983,814.0205652498285,1126.6382116347252,919.3903520501956,1027.7048352859847,312.6176463848967,1
2024-01-24,833.9331646286752,773.8359038243989,1144.0328850958017,905.4039700944278,1030.309266706611,370.1969812714028,1
2024-01-25,793.7203733387163,806.4574758770159,1156.3714756695372,914.3151944975153,1052.742290494492,349.9139997925213,1
2024-01-26,921.9869942983611,805.9507589922265,1182.544467903251,914.2180114073907,1063.3936632012142,376.59370891102446,1
2024-01-27,925.564790896929,803.1312365718672,1154.9197484271776,913.7055969936914,1075.5623571617696,351.7885118553104,1
2024-01-28,864.4281640413534,794.2714177444265,1151.1831708074187,916.6294577269981,1057.5269885320276,356.91175306299226,1
2024-01-29,880.0475211543247,813.6080262649606,1150.5610481782912,921.7382496500994,1061.0126744553595,336.95302191333064,1
2024-01-30,1007.8089584503044,834.4735193413711,1146.0694790591458,916.6961691559409,1032.4073339573404,311.5959597177747,1
2024-01-31,948.8645994717436,800.9950355507463,1120.3673145810312,892.5350922181076,1024.1681056631928,319.372279030285,1
2024-02-01,1054.5387201085912,801.9809429857539,1169.7081909876633,928.8819510521615,1065.042479355976,367.7272480019094,1
2024-02-02,1047.1326610267422,810.1557956677013,1128.9781889637345,920.6433389019852,1026.989039699707,318.82239329603317,1
2024-02-03,929.3765490762017,815.0786314110329,1155.4677399217426,912.9560130031856,1041.2607802911782,340.38910851070966,1
2024-02-04,1076.1034265594735,795.8778111647019,1120.880828122222,896.7175367141567,1041.253295674645,325.0030169575201,1
2024-02-05,959.1141335033741,803.905787355174,1158.657264243582,912.4970999720917,1040.4881713873906,354.751476888408,1
2024-02-06,1040.6839719232983,817.5342324663626,1154.0487537201282,910.6328047261796,1045.0937270411873,336.51452125376557,1
2024-02-07,1010.9657139407867,808.2082296432708,1151.1831708074187,919.3903520501956,1045.9163111383264,342.97494116414794,1
2024-02-08,1027.2323447142046,810.1557956677013,1152.621541850861,896.6036171457692,1048.214743741858,342.4657461831596,1
2024-02-09,1022.781328129221,820.04878274675,1139.5344012836092,914.7519973941709,1038.138402620531,319.4856185368592,1
2024-02-10,1021.9723925715325,811.9849869654888,1133.7825269637192,893.7796921770034,1044.6178492373929,321.7975399982304,1
2024-02-11,939.1924573194565,794.1984401887031,1156.3714756695372,950.3306798820252,1080.0904935087892,362.1730354808341,1
2024-02-12,946.7666136735239,799.560374433941,1138.4047956835448,912.7104276502487,1046.518130282496,338.8444212496038,1
2024-02-13,919.048284547967,785.7949769610418,1145.1274075966596,916.9515040792332,1027.6324695597777,359.3324306356178,1
2024-02-14,903.8304656887273,794.1984401887031,1148.5983340939244,902.556915557557,1047.3761919789438,354.39989390522135,1
2024-02-15,794.1984401887031,795.3661271100314,1152.621541850861,918.9307798622605,1051.354990831631,357.25541474082956,1
2024-02-16,890.8001676047558,834.4735193413711,1152.7877114437106,924.391506727796,1057.5284373625846,318.31419210233946,1
2024-02-17,835.1634691793923,817.1810015754584,1150.5610481782912,926.34467616697,1063.6463951107653,333.38004660283286,1
2024-02-18,814.0205652498285,801.1310299209525,1169.7081909876633,927.4935231160883,1044.931665222708,368.5771610667108,0
2024-02-19,865.3178024295106,803.5896947057244,1117.9972312277857,913.1970071122255,1029.370844855022,314.4075365220614,1
2024-02-20,840.9020732049607,807.7015127584815,1153.8493392897708,925.3112439569622,1063.300796347858,346.1478265312893,1
2024-02-21,926.1598216803342,803.4100176427565,1133.7825269637192,917.5505900584899,1043.7836778059902,330.37250932096265,1
2024-02-22,1037.9384605752975,798.2623477092125,1155.4677399217426,910.3973785516904,1047.5749253625281,357.2053922125301,1
2024-02-23,954.4173749951638,793.94745509246,1192.1941079431251,919.3424062804205,1063.8208642665968,398.2466528506651,1
2024-02-24,1027.5354854115596,801.6965754550621,1108.395534950829,890.292955443064,1039.1969115396528,306.69895949576687,1
2024-02-25,982.733801731238,805.9507589922265,1148.5983340939244,910.9001237440406,1041.6798454825887,342.64757510169795,1
2024-02-26,1075.537392406135,793.94745509246,1133.7825269637192,909.1490264373747,1047.5094210618752,339.8350718712592,1
2024-02-27,999.2027684332896,829.5971291285243,1120.3813259610677,914.0880942969092,1036.0608932535545,290.78419683254333,1
2024-02-28,1038.7382287562316,805.3404484719792,1176.4472363683467,899.7859085583149,1030.1701547686948,371.10678789636745,1
2024-02-29,993.0359088715569,803.9183097432175,1160.439033212647,912.566261671741,1069.456325571709,356.5207234694295,1
2024-03-01,1108.6500672852303,805.4923008583695,1156.7276954530741,878.6139534106187,1033.133348621646,351.23539459470464,1
2024-03-02,1081.8969689883459,799.0646047215236,1160.1162116933447,913.8254866153997,1044.722818772412,361.0516069718211,1
2024-03-03,1024.895437742194,852.4167415094682,1144.7124397845614,915.7343810272644,1046.1438758262373,292.2956982750932,1
2024-03-04,932.4348165744974,814.4263837939129,1170.0600994572394,904.8097606277554,1048.2788531172216,355.6337156633265,1
2024-03-05,1030.984847130595,815.6436045493001,1146.0694790591458,918.9307798622605,1041.6798454825887,330.4258745098457,1
2024-03-06,947.6655878982679,802.1550335889191,1156.3714756695372,921.9717436332492,1063.1694176113751,354.2164420806181,1
2024-03-07,794.2714177444265,844.1258297500511,1120.3813259610677,914.6837523990935,1046.2771049091687,276.2554962110165,0
2024-03-08,957.2590693856276,825.7367124357982,1120.3813259610677,918.0913945000982,1058.8940347847736,294.6446135252695,1
2024-03-09,847.9277988534327,821.4573122045944,1153.3357029382757,917.5309934490801,1056.583229926509,331.8783907336814,1
2024-03-10,930.5590194631437,799.560374433941,1157.688798833547,872.9674726166369,1055.9873989411064,358.12842439960605,1
2024-03-11,868.1242067163179,824.0362627192667,1138.077462779331,924.0062618742276,1041.5581692847404,314.0412000600643,1
2024-03-12,925.350654985636,800.9950355507463,1117.5645784280982,927.6512015997981,1027.859825082794,316.569542877352,1
2024-03-13,914.6837523990935,809.5432264443125,1118.5363194692372,905.8714971274532,1020.7603640975135,308.99309302492475,1
2024-03-14,805.4923008583695,773.5741577316866,1172.664326462133,908.7728007367625,1064.990133151155,399.0901687304464,1
2024-03-15,806.4574758770159,822.3119427230004,1152.7877114437106,926.1423844932954,1049.8116981508936,330.4757687207102,1
2024-03-16,917.5505900584899,797.7665779967949,1139.8921945402085,903.7135706463843,1030.309266706611,342.12561654341357,1
2024-03-17,1015.2919000130178,803.5896947057244,1156.2615869642798,925.5112569191058,1073.1499396976833,352.67189225855543,1
2024-03-18,883.9356411876774,793.94745509246,1112.8479971154866,909.1490264373747,1024.061652547352,318.90054202302656,1
2024-03-19,980.7324338196682,824.5659619653811,1124.6024443296947,934.0504236828297,1047.7740307903684,300.03648236431354,1
2024-03-20,964.7557535149996,816.8819848492426,1177.0912344428,927.4935231160883,1063.300796347858,360.2092495935574,1
2024-03-21,1002.7799786462214,805.9507589922265,1155.507701169891,909.1490264373747,1041.1951391183277,349.5569421776646,1
2024-03-22,1055.8149420379118,819.6186332620545,1157.2834901033657,929.3765490762017,1047.4549753080382,337.66485684131123,1
2024-03-23,1019.7364782481433,805.2517313285875,1160.439033212647,896.5434759144476,1045.8638783516867,355.1873018840595,1
2024-03-24,1158.980085762884,807.3705403404767,1147.7694627155606,896.4760905228518,1048.0204809305405,340.3989223750839,0
2024-03-25,982.2086981279363,803.5896947057244,1154.3973307843357,923.9356643096885,1046.2771049091687,350.8076360786114,1
2024-03-26,991.7083437823849,825.7367124357982,1153.8493392897708,904.9798848781143,1038.3309280049912,328.11262685397264,1
2024-03-27,1062.663128014375,794.2714177444265,1131.858887592658,913.8254866153997,1064.6882864023753,337.58746984823154,1
2024-03-28,1116.1473564764249,814.9331006787023,1157.275686947639,893.1360911216143,1046.2299998884644,342.34258626893677,1
2024-03-29,919.7013609111331,818.9037225994289,1156.7354986088008,921.415585951554,1040.4881713873906,337.8317760093719,1
2024-03-30,1082.6445919568093,797.7665779967949,1145.6374257320936,902.556915557557,1035.1479011907986,347.87084773529864,1
2024-03-31,953.4835710692211,817.2250415243532,1149.9553733685088,927.6512015997981,1046.1438758262373,332.73033184415567,1
2024-04-01,974.7054891249462,813.6080262649606,1160.439033212647,925.4496833919103,1035.8587268798815,346.83100694768643,1
2024-04-02,861.6189468776605,837.7249021642323,1158.3004615117216,925.1708483724193,1038.9625408237544,320.5755593474893,1
2024-04-03,883.0829071051857,838.2846821789668,1112.8479971154866,917.2241076629061,1044.5991826828201,274.56331493651976,1
2024-04-04,797.1851181204323,801.1310299209525,1129.3230786923853,906.3432742805419,1043.9073138955819,328.1920487714327,1
2024-04-05,955.7148551114584,797.1758378894306,1138.869757696681,891.0298530109054,1038.6248384122978,341.6939198072505,1
2024-04-06,853.5017410693318,838.9520961237313,1140.0401768636978,918.1499343639525,1048.84233322135,301.0880807399665,0
2024-04-07,854.0948454322138,813.6218667991138,1160.108408537618,911.2506892643183,1052.422752068643,346.48654173850423,1
2024-04-08,857.9923035813526,784.0483966869831,1160.1162116933447,894.0150028022058,1043.378993995244,376.06781500636157,1
2024-04-09,851.6535884644735,794.2331045276717,1146.971063362907,910.1021108672171,1020.7026091284029,352.7379588352353,1
2024-04-10,919.9730825400025,805.3404484719792,1147.6740196954377,919.9051521327851,1044.5991826828201,342.3335712234584,1
2024-04-11,971.9326904266027,798.9948288998314,1170.0600994572394,896.0658473921599,1041.951680441532,371.065270557408,1
2024-04-12,1033.133348621646,773.5741577316866,1160.1162116933447,905.4039700944278,1046.3632289713958,386.5420539616581,1
2024-04-13,887.8421287146252,820.8739928575822,1171.3513863865765,912.02161446781,1019.3123989383681,350.4773935289943,1
2024-04-14,1075.6372514286732,835.9446393413298,1169.7081909876633,920.8745383999941,1061.0126744553595,333.76355164633355,1
2024-04-15,1182.544467903251,801.2008057426445,1176.4472363683467,896.1769965356659,1038.7382287562316,375.24643062570215,1
2024-04-16,1068.8240241593614,799.0646047215236,1151.1831708074187,892.592513569645,1046.2771049091687,352.11856608589517,1
2024-04-17,1120.69776217702,795.4292576153719,1155.4998980141643,925.9181189779858,1051.354990831631,360.0706403987924,0
2024-04-18,1088.9798053663062,806.4574758770159,1160.4312300569202,917.5255369192861,1040.6045684815033,353.9737541799043,1
2024-04-19,997.8767866431576,793.9821194314286,1116.986056778234,896.2281605311271,1045.2325522688006,323.0039373468053,1
2024-04-20,982.7632030702727,837.4336172914833,1158.980085762884,916.6089221516595,1046.6717629685577,321.5464684714008,1
2024-04-21,1086.9166068427612,822.041706866185,1140.3675097679115,940.9286412666607,1059.3198531624787,318.32580290172655,1
2024-04-22,930.5780561811125,830.206742996779,1138.869757696681,895.6536735967571,1033.3955331625561,308.6630146999021,1
2024-04-23,1023.7837241490712,809.5432264443125,1136.6702430730982,911.4840968390836,1034.695335982321,327.12701662878567,1
2024-04-24,983.0335675553448,811.9849869654888,1146.6751538689282,919.7013609111331,1068.83947787451,334.6901669034394,1
2024-04-25,927.6512015997981,822.041706866185,1176.4472363683467,915.8038718290344,1062.671149910444,354.4055295021617,1
2024-04-26,915.4548838119091,817.4374900908215,1132.5844872706707,889.6694200970076,1025.3212502055578,315.1469971798492,1
2024-04-27,898.1089771047667,811.9849869654888,1140.9626036776153,898.082429604381,1039.9939026933507,328.9776167121265,1
2024-04-28,901.1462655470137,806.8747706280592,1182.544467903251,925.3112439569622,1071.299396606086,375.66969727519177,1
2024-04-29,835.1062441328564,830.5389388823307,1144.0927071996036,911.4176832746398,1022.7436186071843,313.5537683172729,1
2024-04-30,861.7865723291856,795.6554254230292,1121.0539880169938,902.556915557557,1029.509956792938,325.3985625939646,1
2024-05-01,797.3180244474648,835.133426029961,1143.0310793535436,915.2791622074745,1043.378993995244,307.89765332358263,0
2024-05-02,955.2399818416847,782.5665941640713,1152.336837111766,892.9362115986559,1025.001890858035,369.7702429476948,1
2024-05-03,906.6563756759133,794.2331045276717,1157.2834901033657,919.3674594196243,1073.0157783755112,363.050385575694,1
2024-05-04,1046.1067516196135,818.0204476072754,1182.544467903251,925.3112439569622,1079.7125870288244,364.52402029597556,1
2024-05-05,979.0473891188345,819.5559702165489,1154.9197484271776,919.5941432718477,1040.0988619094403,335.36377821062877,1
2024-05-06,988.4411048345675,801.1310299209525,1154.2473683815056,912.3529339935841,1033.1157179214642,353.11633846055304,1
2024-05-07,992.2974348777162,797.7665779967949,1160.439033212647,915.5081524194429,1046.6717629685577,362.6724552158521,1
2024-05-08,965.208957110702,825.6740493902926,1128.9781889637345,917.724471256026,1040.6764380628208,303.30413957344194,1
2024-05-09,990.2470549401638,817.5203919322093,1131.216257711061,919.1636681979722,1044.1807613690664,313.6958657788516,1
2024-05-10,995.6741593962103,820.0656407985401,1145.5199190688709,925.1708483724193,1061.1120803592396,325.45427827033075,1
2024-05-11,1007.3921174612497,818.3033618775963,1143.1646935122928,905.3937337227983,1068.9532337784512,324.8613316346965,1
2024-05-12,1084.6248540992883,817.5203919322093,1148.7356475414979,924.122026579305,1025.8797893307699,331.21525560928853,1
2024-05-13,1136.1299377303305,784.0483966869831,1149.9553733685088,901.1462655470137,1062.1531443023418,365.90697668152575,1
2024-05-14,969.4200241269173,775.2830420083421,1153.6919509882678,896.7175367141567,1046.5856389063306,378.4089089799256,1
2024-05-15,1003.4847600973495,814.9331006787023,1146.6751538689282,924.3067471608915,1041.5449508790066,331.7420531902259,1
2024-05-16,939.1652080486034,784.0483966869831,1171.6725629417276,911.2506892643183,1044.2853666975047,387.6241662547445,1
2024-05-17,974.1156545195867,825.8059715913569,1169.7081909876633,931.7389563639956,1066.0008214016896,343.90221939630646,1
2024-05-18,1045.0937270411873,793.7203733387163,1172.6713864601716,918.4573254673833,1046.5856389063306,378.9510131214553,1
2024-05-19,992.0526710163036,793.7203733387163,1161.759033286242,930.2634018664082,1043.6790724775517,368.0386599475256,1
2024-05-20,926.4062943291818,821.4573122045944,1147.7694627155606,921.7382496500994,1068.7113322838009,326.31215051096626,1
2024-05-21,911.2506892643183,785.7949769610418,1158.657264243582,890.0987545127768,1046.788164777834,372.86228728254014,1
2024-05-22,890.5374517981845,798.9948288998314,1163.321054076556,890.9067527077252,1046.209596285334,364.3262251767246,1
2024-05-23,873.9977812661781,805.9507589922265,1158.657264243582,904.9014838264507,1065.9057598005224,352.70650525135545,1
2024-05-24,896.733174833063,810.1696362018546,1158.980085762884,896.8005602246589,1045.517336475349,348.8104495610295,1
2024-05-25,918.4573254673833,810.0499433291019,1159.1477462833097,916.9963809710703,1061.372346345015,349.09780295420785,1
2024-05-26,798.2623477092125,836.8080379413659,1150.1628594107651,926.34467616697,1046.209596285334,313.3548214693992,0
2024-05-27,863.9445304498458,794.2714177444265,1155.824542653603,918.2306416151599,1038.7382287562316,361.5531249091765,1
2024-05-28,938.9263731756695,834.6546630598514,1161.7441701324767,916.6266783541708,1052.422752068643,327.08950707262534,1
2024-05-29,993.2048301074847,817.8789831327738,1145.3063596037846,914.6251135809941,1055.8154249814309,327.4273764710108,1
2024-05-30,1156.2615869642798,799.560374433941,1139.7618349581292,906.3432742805419,1039.8976007505662,340.2014605241882,1
2024-05-31,1025.3212502055578,825.6740493902926,1152.7877114437106,917.5255369192861,1044.722818772412,327.113662053418,1
2024-06-01,1065.059753815799,806.4574758770159,1120.880828122222,921.1750236866579,1068.582122664711,314.42335224520616,1
2024-06-02,1060.6325178396987,805.9507589922265,1161.7441701324767,943.1064410280487,1061.7364815017784,355.7934111402502,1
2024-06-03,1079.396754895892,805.1819555068955,1161.7519732882035,926.0110639844829,1036.2608352987882,356.570017781308,1
2024-06-04,1006.3080909358932,837.2433962024108,1171.6725629417276,913.4425924651624,1034.6274836693954,334.42916673931677,1
2024-06-05,1079.6265456479277,795.7185559283697,1154.2473683815056,889.301698776047,1036.4533606832483,358.52881245313586,1
2024-06-06,1075.1006061399846,803.1312365718672,1157.688798833547,911.0373615861613,1039.6354770263222,354.5575622616798,1
2024-06-07,1041.069179694436,793.7203733387163,1158.3004615117216,901.4761046762679,1062.7309866147434,364.58008817300527,1
2024-06-08,1090.6431270659607,810.0499433291019,1144.5217327868772,915.9963976505694,1066.0008214016896,334.47178945777534,1
2024-06-09,981.7427056775646,855.9767129687588,1144.7124397845614,923.8200983809891,1054.8577755909214,288.73572681580265,1
2024-06-10,954.7804655468896,809.5432264443125,1115.6082682349734,913.8766703617077,1032.1653290692384,306.06504179066087,1
2024-06-11,1093.799578338023,825.0158071747708,1156.7276954530741,904.8727993931647,1044.1807613690664,331.7118882783034,1
2024-06-12,929.5996895925651,829.666388284083,1156.2615869642798,893.8125774185911,1046.209596285334,326.59519868019675,1
2024-06-13,990.3472482717963,840.9020732049607,1156.7276954530741,929.3765490762017,1061.76182974721,315.8256222481134,1
2024-06-14,893.1134004225581,793.9821194314286,1148.7356475414979,912.1776539969995,1044.4090027870966,354.7535281100693,1
2024-06-15,898.6423723022535,807.1821621578104,1157.3319961016866,916.4161392984556,1047.8164198962681,350.1498339438763,1
2024-06-16,951.7591500384436,835.9446393413298,1139.7618349581292,913.3945371389932,1044.1807613690664,303.8171956167994,1
2024-06-17,889.5594663777023,805.1819555068955,1105.3331498914638,908.7556503359497,1029.6659653396828,300.15119438456827,1
2024-06-18,730.0571675797988,810.1557956677013,1158.1794226954335,902.4000935427371,1040.904679480851,348.0236270277321,0
2024-06-19,895.5001816103737,802.1550335889191,1177.0912344428,903.0271322277381,1047.2040170937528,374.9362008538809,1
2024-06-20,950.8472966128347,797.2482486257728,1165.9252810814496,910.4299070738595,1062.671149910444,368.6770324556768,1
2024-06-21,967.0567569218119,801.7722359069066,1142.7705507035116,910.0401557424149,1036.682004245252,340.998314796605,1
2024-06-22,1039.5083302940723,819.6186332620545,1118.7193854144393,925.1708483724193,1041.5449508790066,299.10075215238487,1
2024-06-23,913.1970071122255,799.560374433941,1151.6218068605278,913.6495701611016,1039.2246645479981,352.06143242658686,1
2024-06-24,1012.6633873038072,797.4268229856737,1151.1831708074187,892.4046796230357,1035.3211222780228,353.75634782174507,1
2024-06-25,1022.2059665527977,811.3455690532311,1145.6374257320936,903.2162485239659,1031.4483021993474,334.2918566788625,1
2024-06-26,1126.4491313263595,830.241788691025,1124.6024443296947,924.3250192322308,1047.817955059037,294.36065563866964,1
2024-06-27,1158.3004615117216,799.6013372235494,1155.276551159038,919.0253475405196,1049.8676965048455,355.6752139354886,1
2024-06-28,1121.7997081767617,842.9577478469796,1142.6758458212173,903.0271322277381,1039.5401169771349,299.7180979742377,1
2024-06-29,1084.0699838605976,772.0425429989282,1144.0328850958017,915.7343810272644,1035.8587268798815,371.9903420968735,1
2024-06-30,1058.8940347847736,830.2507829456737,1144.638559905584,932.4000154055274,1059.5695715930956,314.3877769599104,1
2024-07-01,979.6193858541409,799.560374433941,1161.7519732882035,902.556915557557,1063.9722021509958,362.19159885426257,1
2024-07-02,955.7151930744479,799.5630240067946,1126.4423800634615,904.8420902782763,1039.8323339052636,326.8793560566669,1
2024-07-03,1007.8570762193989,795.6554254230292,1169.0995790250897,913.4362424829446,1050.0700703375746,373.4441536020605,1
2024-07-04,1001.5826941800245,782.5665941640713,1138.869757696681,918.535540268145,1056.583229926509,356.3031635326098,1
2024-07-05,935.5714997875169,805.4923008583695,1144.5217327868772,896.0512160660963,1034.0272999049866,339.02943192850773,1
2024-07-06,861.6650484545318,797.1758378894306,1099.579476387404,923.7750623762188,1041.8470751130935,302.40363849797336,1
2024-07-07,915.8038718290344,797.7665779967949,1149.9553733685088,909.7787731002163,1041.951680441532,352.1887953717139,1
2024-07-08,858.05667182494,773.5741577316866,1155.30106653213,893.0786697700769,1041.6627746131787,381.72690880044354,1
2024-07-09,914.7519973941709,803.905787355174,1120.5643919062697,903.4574679338982,1040.7802738660826,316.6586045510958,1
2024-07-10,955.5481646727667,816.8819848492426,1148.6151131384966,895.9515476438453,1046.5856389063306,331.73312828925395,1
2024-07-11,772.0425429989282,810.787136295308,1161.759033286242,921.9717436332492,1076.0075943504949,350.97189699093394,0
2024-07-12,824.3008965121452,810.0499433291019,1160.1162116933447,915.5409032203186,1054.658670163081,350.0662683642428,1
2024-07-13,915.5259086219543,793.7203733387163,1160.108408537618,902.1200585425947,1038.5770556585226,366.3880351989018,1
2024-07-14,978.2367845315758,807.3705403404767,1148.5983340939244,901.8209398198202,1052.422752068643,341.2277937534477,1
2024-07-15,869.8765466680134,798.2623477092125,1160.4312300569202,895.9838306745005,1073.6252340189724,362.1688823477077,1
2024-07-16,1094.472760950299,818.9037225994289,1142.6758458212173,903.2362712790866,1034.2934360063139,323.77212322178843,1
2024-07-17,1036.709153755008,815.0786314110329,1159.1399431275831,917.5255369192861,1026.8424948562258,344.0613117165502,1
2024-07-18,1017.0948810383967,815.1412944565385,1142.032213527034,911.4176832746398,1035.1211802327894,326.89091907049544,1
2024-07-19,1026.6114980044479,836.2417895326355,1136.6702430730982,915.3324308150084,1046.1067516196135,300.42845354046267,1
2024-07-20,1061.1120803592396,823.1200272194283,1165.9323410794882,921.4835163587715,1070.0858559236285,342.81231386005993,1
2024-07-21,1101.31844747944,782.3395124103275,1165.9323410794882,873.9977812661781,1029.509956792938,383.59282866916067,1
2024-07-22,972.0303984979467,846.4792431623913,1132.0718600312118,919.5941432718477,1061.3768096121228,285.5926168688205,1
2024-07-23,1071.971148561495,825.8059715913569,1157.688798833547,925.473957962814,1064.9132697368864,331.88282724219016,1
2024-07-24,1019.0656063095056,801.6965754550621,1155.824542653603,913.8766703617077,1040.6045684815033,354.1279671985409,1
2024-07-25,1020.3563546061738,795.6171122062744,1137.1590907641737,896.6505315024881,1059.439743792364,341.54197855789926,1
2024-07-26,1183.7711309022095,809.5432264443125,1152.7877114437106,905.36302460791,1037.9384605752975,343.2444849993981,0
2024-07-27,1034.8988929210982,793.94745509246,1146.0694790591458,897.0303137043418,1044.931665222708,352.1220239666858,1
2024-07-28,1072.3208357873534,811.3455690532311,1161.7441701324767,927.3981569800409,1055.217625754391,350.3986010792456,1
2024-07-29,963.2446432379375,821.4573122045944,1145.6374257320936,914.943683244522,1039.8323339052636,324.1801135274992,1
2024-07-30,896.4026015107632,810.1432732796578,1160.908806402047,903.0271322277381,1064.1467839072789,350.76553312238923,1
2024-07-31,1034.1820867852866,797.1851181204323,1148.5983340939244,905.0105939930027,1047.3555218380834,351.41321597349213,1
2024-08-01,755.3466293253263,807.3705403404767,1125.9189557135842,918.9005447778211,1029.370844855022,318.54841537310745,0
2024-08-02,890.2785172244684,797.1758378894306,1151.559914004801,927.1501913173261,1039.7369738560762,354.38407611537036,1
2024-08-03,851.3332241231793,793.94745509246,1171.0285648672743,895.9515476438453,1039.3318061432349,377.0811097748143,1
2024-08-04,862.2318482209033,805.9507589922265,1144.7124397845614,929.5208381796533,1058.0294122897335,338.7616807923349,1
2024-08-05,893.794323503067,801.6965754550621,1156.2615869642798,902.556915557557,1044.9760749170184,354.5650115092177,1
2024-08-06,921.1750236866579,793.7203733387163,1115.3080034422262,923.5903417946323,1044.5991826828201,321.5876301035099,1
2024-08-07,937.1506814920768,797.6968021751029,1156.2615869642798,915.7166248247531,1069.3689037652443,358.5647847891769,1
2024-08-08,941.5164523393465,782.5665941640713,1143.0310793535436,925.4718458904321,1029.9291603136014,360.4644851894724,1
2024-08-09,874.3132501795008,811.6729826285735,1163.321054076556,913.0487496060018,1052.5427021231328,351.6480714479825,1
2024-08-10,1016.8054617650279,807.3705403404767,1170.0600994572394,914.1361496230784,1047.3761919789438,362.68955911676267,1
2024-08-11,1077.4182001835745,797.1851181204323,1124.2406553303006,917.3371099834258,1059.5783739791218,327.05553720986825,1
2024-08-12,1108.8201608356069,801.6965754550621,1129.3399596852755,918.0923209577073,1062.1531443023418,327.6433842302134,0
2024-08-13,1068.501488833161,798.9948288998314,1155.276551159038,925.9181189779858,1049.3032312795347,356.2817222592066,1
2024-08-14,1112.8836455479966,805.7475010410051,1153.3357029382757,902.2982391871178,1026.245519324265,347.58820189727066,1
2024-08-15,1063.6096849293947,819.5420658619606,1111.1428424043536,917.7939620577961,1040.0988619094403,291.60077654239296,1
2024-08-16,1140.4175039689496,795.6171122062744,1136.1299377303305,918.534613810536,1062.7412140351255,340.5128255240561,0
2024-08-17,1152.336837111766,818.9037225994289,1121.4419149201624,895.2381708171263,1033.574734696509,302.5381923207335,1
2024-08-18,1055.8168738119878,794.2714177444265,1107.3901764654322,909.7890094718457,1037.0164804600804,313.11875872100575,1
2024-08-19,1040.422904542088,794.2331045276717,1146.0694790591458,909.2578387705826,1070.4702926957561,351.8363745314741,1
2024-08-20,1046.518130282496,809.5432264443125,1111.7303832501923,902.924212498308,1038.5770556585226,302.1871568058798,1
2024-08-21,1010.8340354234164,798.9948288998314,1157.688798833547,916.6117015244868,1066.8882267494328,358.6939699337156,1
2024-08-22,960.0999003694318,817.1978596272486,1156.3714756695372,921.9869942983611,1045.3469831857938,339.1736160422886,1
2024-08-23,914.449197126696,793.94745509246,1133.5235913517806,912.5009917640003,1039.1593977026957,339.5761362593206,1
2024-08-24,836.8080379413659,814.0205652498285,1161.7519732882035,932.0130486778996,1066.2581766114886,347.7314080383751,1
2024-08-25,1021.5532406408958,817.5203919322093,1160.108408537618,913.4425924651624,1070.502366221055,342.5880166054087,1
2024-08-26,948.7808296895963,815.6436045493001,1150.5610481782912,896.4923119189865,1035.753566548482,334.9174436289911,1
2024-08-27,817.4374900908215,808.2207520313143,1155.30106653213,913.1489517860563,1049.1703433279722,347.0803145008158,1
2024-08-28,841.4894489848226,810.1557956677013,1136.1299377303305,895.7614937560351,1051.6144342240063,325.9741420626292,1
2024-08-29,933.5165846629806,795.6171122062744,1151.559914004801,918.0923209577073,1069.0813793691605,355.9428017985265,1
2024-08-30,863.519774556491,784.0483966869831,1144.0328850958017,903.394429168489,1037.0164804600804,359.9844884088186,1
2024-08-31,935.6464865151739,811.3455690532311,1158.657264243582,918.9005447778211,1080.6600834276217,347.31169519035086,1
2024-09-01,916.9973074286794,805.1819555068955,1148.7356475414979,916.6961691559409,1031.2799676152558,343.55369203460236,1
2024-09-02,1029.0183266803858,799.0646047215236,1145.1274075966596,910.5734111780052,1050.3301297257992,346.0628028751361,1
2024-09-03,952.607619385874,805.7475010410051,1120.880828122222,914.8904146369882,1026.685608010388,315.133327081217,1
2024-09-04,1034.6274836693954,824.9531441292652,1140.0694994426672,914.4451116079969,1031.5335023289535,315.116355313402,1
2024-09-05,1045.9291128423718,830.330469427629,1165.9323410794882,918.4573254673833,1052.422752068643,335.60187165185914,1
2024-09-06,1137.1590907641737,840.9020732049607,1131.5740509676602,914.6251135809941,1043.7836778059902,290.6719777626995,1
2024-09-07,978.0231259701474,855.6347582625417,1158.657264243582,929.5439044634743,1049.814632279569,303.02250598104024,1
2024-09-08,998.7845008883069,810.1432732796578,1158.980085762884,904.779051512867,1038.3627146880538,348.83681248322625,1
2024-09-09,1095.0786185784539,805.7475010410051,1145.3063596037846,912.6769082182984,1046.2771049091687,339.5588585627795,1
2024-09-10,1105.5655097017498,801.2008057426445,1160.4312300569202,900.7298917937662,1073.0042180609896,359.23042431427564,1
2024-09-11,976.1346992271747,799.6013372235494,1153.8493392897708,914.7349361454015,1041.6798454825887,354.2480020662214,1
2024-09-12,938.0244855175775,795.7185559283697,1133.5235913517806,912.3529339935841,1027.4355351912525,337.8050354234109,1
2024-09-13,1095.8046192332633,793.7203733387163,1124.2406553303006,895.998462000564,1046.2299998884644,330.5202819915843,1
2024-09-14,1043.5118428470469,803.9183097432175,1158.1794226954335,925.4718458904321,1054.658670163081,354.26111295221597,1
2024-09-15,972.8134130658726,803.5896947057244,1183.1884659777043,904.3088348426859,1051.155402460272,379.5987712719799,1
2024-09-16,1008.5096217956826,818.9037225994289,1156.7282784013973,897.7874883340394,1025.3244528077576,337.8245558019685,1
2024-09-17,837.4336172914833,793.94745509246,1128.799654342508,912.5487792811136,1038.9307541406918,334.8521992500479,1
2024-09-18,825.6740493902926,836.2417895326355,1126.8109203257538,920.1305946221632,1055.217625754391,290.56913079311835,1
2024-09-19,910.3973785516904,820.04878274675,1158.3004615117216,947.2535581685943,1077.9050078049347,338.25167876497153,1
2024-09-20,858.8272670323639,825.7367124357982,1106.442400017524,912.9560130031856,1024.0969071294871,280.7056875817259,1
2024-09-21,885.5944397096346,803.5896947057244,1151.788845617201,931.4978661635059,1052.5589018385588,348.19915091147675,1
2024-09-22,965.3773265615947,793.7203733387163,1121.7997081767617,903.6926710888893,1046.8742888400611,328.0793348380454,1
2024-09-23,928.6870149305317,842.9962758398059,1149.9553733685088,929.5208381796533,1040.584473330175,306.95909752870296,1
2024-09-24,962.6492192747078,810.1696362018546,1169.7081909876633,916.9963809710703,1056.5817810959518,359.53855478580874,1
2024-09-25,1018.9644137157662,794.1984401887031,1163.321054076556,921.2523168607626,1024.6458792903545,369.12261388785294,1
2024-09-26,970.1325585596696,801.6592638765015,1135.2231573796025,915.2034621406058,1044.1807613690664,333.563893503101,1
2024-09-27,1085.1896483937007,796.1671094776998,1118.8522632838326,898.1494348160496,1038.3309280049912,322.6851538061328,1
2024-09-28,992.9620229958151,801.6592638765015,1160.439033212647,916.3870349043123,1041.1951391183277,358.7797693361455,1
2024-09-29,1044.5991826828201,782.6012585030398,1123.7172309804232,913.1970071122255,1046.9137587579903,341.11597247738337,1
2024-09-30,1062.6952155986517,824.3008965121452,1160.4312300569202,917.5255369192861,1062.6952155986517,336.130333544775,1
2024-10-01,1103.8143485870114,811.9849869654888,1164.289519486591,901.7990586646,1043.6790724775517,352.30453252110215,1
2024-10-02,1154.2394386860701,797.1851181204323,1137.1590907641737,911.5618492531474,1036.709153755008,339.9739726437414,0
2024-10-03,1205.7906246555679,825.8301482607881,1149.8060566789047,903.4574679338982,1025.001890858035,323.97590841811666,0
2024-10-04,1069.853444998557,815.5853482958223,1153.6919509882678,925.1708483724193,1057.0193359883585,338.10660269244545,1
2024-10-05,1120.0315806697517,775.2199115030016,1158.980085762884,895.9625093910411,1025.6438121552803,383.76017425988243,1
2024-10-06,1000.1525602812188,794.2714177444265,1135.8689867832718,924.5097398138173,1041.3909396542354,341.59756903884534,1
2024-10-07,1083.4041490989582,810.6306583906055,1158.3004615117216,896.7175367141567,1019.7923028750123,347.66980312111605,1
2024-10-08,977.3607991827566,797.3180244474648,1131.5740509676602,915.1521556498321,1038.9625408237544,334.2560265201954,1
2024-10-09,1051.71742938866,801.6965754550621,1121.4419149201624,920.8070881038536,1044.8326122212584,319.7453394651003,1
2024-10-10,921.9259916379133,840.3348897857228,1155.824542653603,919.5941432718477,1063.87933529764,315.4896528678802,1
2024-10-11,916.993601598243,794.2714177444265,1161.7441701324767,904.779051512867,1064.6882864023753,367.47275238805025,1
2024-10-12,841.7976926509837,811.3455690532311,1138.869757696681,913.6495701611016,1056.1820601712534,327.52418864345,1
2024-10-13,896.670622357438,798.9948288998314,1155.824542653603,926.8862814814397,1048.9841757972044,356.82971375377156,1
2024-10-14,800.9950355507463,817.4374900908215,1155.30106653213,918.7269886406084,1065.042479355976,337.8635764413086,0
2024-10-15,917.4503775016746,815.6436045493001,1155.4677399217426,897.7874883340394,1020.7482897233753,339.82413537244247,1
2024-10-16,978.494783521057,797.2482486257728,1161.7441701324767,896.733174833063,1043.7114765351319,364.4959215067039,1
2024-10-17,942.671743605588,797.1851181204323,1158.1872258511603,902.2982391871178,1038.7382287562316,361.00210773072797,1
2024-10-18,863.8278972636159,814.4263837939129,1123.762583763865,893.5801987547493,1044.8326122212584,309.3361999699521,1
2024-10-19,1022.0263455621812,811.9849869654888,1144.7124397845614,896.4026015107632,1048.8457536650133,332.7274528190726,1
2024-10-20,1151.1831708074187,803.3629644964946,1120.3813259610677,921.1750236866579,1044.1807613690664,317.0183614645731,1
2024-10-21,1061.631391562166,803.5896947057244,1158.3004615117216,908.8239647322237,1054.658670163081,354.7107668059972,1
2024-10-22,1055.0185203265507,856.2189424315579,1147.7694627155606,939.1856450017432,1071.5404221089052,291.5505202840027,1
2024-10-23,1079.3654306690155,801.1310299209525,1120.5643919062697,896.7849221057526,1042.039666847377,319.4333619853172,1
2024-10-24,1110.4557249210402,820.150269868656,1154.2394386860701,916.7587212260293,1063.031145979613,334.08916881741413,1
2024-10-25,1099.579476387404,805.4923008583695,1160.1162116933447,929.3104623215901,1056.5817810959518,354.62391083497516,1
2024-10-26,1069.3408626357202,811.9988274996422,1126.6382116347252,896.3780121706719,1036.2608352987882,314.639384135083,1
2024-10-27,1115.012433862843,801.8230715117048,1160.4312300569202,915.5409032203186,1045.9163111383264,358.60815854521536,1
2024-10-28,1148.5983340939244,834.5175592902658,1161.759033286242,903.0271322277381,1056.5778439811063,327.2414739959761,0
2024-10-29,1032.1653290692384,793.9821194314286,1155.7951146537741,880.8116256454338,1040.422904542088,361.81299522234553,1
2024-10-30,1023.688792770797,795.6554254230292,1181.7383615755402,915.7343810272644,1043.8587308951628,386.082936152511,1
2024-10-31,962.6524525207361,829.4165785801929,1157.3319961016866,918.639741636327,1061.1120803592396,327.91541752149374,1
2024-11-01,1121.0464592155001,831.329103298917,1169.743577099543,926.1423844932954,1075.2098027065222,338.41447380062607,1
2024-11-02,905.4039700944278,797.1851181204323,1167.6478517827304,917.4113429434282,1057.0207848189154,370.4627336622981,1
2024-11-03,825.8059715913569,835.8959636083408,1146.0694790591458,913.4425924651624,1062.7309866147434,310.173515450805,1
2024-11-04,961.6789826870745,816.8681443150894,1157.275686947639,915.7343810272644,1052.422752068643,340.40754263254973,1
2024-11-05,991.3871448981339,830.1374838412203,1164.612341005893,919.0244210829105,1048.6075164720398,334.4748571646728,1
2024-11-06,948.3791571004258,797.6968021751029,1155.30106653213,903.4574679338982,1070.21015480294,357.6042643570272,1
2024-11-07,896.8230220218575,794.1984401887031,1155.4677399217426,892.4694132664647,1060.8822362703156,361.2692997330395,1
2024-11-08,974.9575151741832,825.272935496302,1145.1274075966596,921.1750236866579,1055.984464812431,319.8544721003576,1
2024-11-09,1001.9457691707811,797.7665779967949,1084.0699838605976,890.3882160651667,1008.0202126134698,286.3034058638027,1
2024-11-10,913.5244542494747,794.2331045276717,1157.3319961016866,904.779051512867,1040.6839719232983,363.09889157401494,1
2024-11-11,964.8821531971424,808.2082296432708,1162.3605336444064,920.1611838235442,1075.5623571617696,354.1523040011356,1
2024-11-12,953.8142176198594,837.6688154392717,1155.4998980141643,914.6837523990935,1057.0207848189154,317.83108257489255,1
2024-11-13,891.0298530109054,830.1374838412203,1154.9197484271776,920.6433389019852,1039.7369738560762,324.78226458595736,1
2024-11-14,1044.1807613690664,821.9838263831369,1155.4677399217426,918.9005447778211,1030.9410334490412,333.48391353860563,1
2024-11-15,1107.9262116044954,801.2008057426445,1167.0640524182738,921.415585951554,1044.5991826828201,365.8632466756293,1
2024-11-16,1091.1985700713637,801.7722359069066,1125.8335211055169,901.930942246367,1062.663128014375,324.0612851986102,1
2024-11-17,1127.1382532299676,821.4125188035758,1160.986413762189,903.0271322277381,1041.951680441532,339.5738949586131,1
2024-11-18,1088.994898742633,838.0400217907063,1133.7825269637192,915.5259086219543,1068.501488833161,295.7425051730129,1
2024-11-19,1169.7081909876633,807.7015127584815,1128.8891839100002,903.7135706463843,1051.155402460272,321.18767115151866,1
2024-11-20,1028.8328440964974,805.7475010410051,1156.2615869642798,915.7166248247531,1047.403122521593,350.5140859232747,1
2024-11-21,1026.907938028208,838.0586543742638,1155.30106653213,924.3097685671189,1047.8164198962681,317.2424121578663,1
2024-11-22,1108.9654996928186,805.4923008583695,1125.6025194976319,919.3903520501956,1062.7412140351255,320.11021863926237,1
2024-11-23,1080.6600834276217,797.1758378894306,1146.6990535781538,916.9963809710703,1016.8054617650279,349.5232156887232,1
2024-11-24,1066.0706814540038,795.6802427116149,1153.8493392897708,888.2628810122085,1035.3514581295756,358.16909657815586,1
2024-11-25,998.8877031393482,806.8747706280592,1165.9252810814496,916.4332005472249,1041.7864107027706,359.0505104533904,1
2024-11-26,961.3292180779528,797.2482486257728,1124.2406553303006,898.1089771047667,1045.0937270411873,326.99240670452775,1
2024-11-27,1035.4350374796402,825.8573301578926,1155.30106653213,918.2055884759561,1057.3994926040193,329.44373637423746,1
2024-11-28,977.4524297621944,790.1403898822748,1160.4312300569202,898.6171624129867,1035.3514581295756,370.2908401746454,1
2024-11-29,895.7048375922183,795.6554254230292,1160.108408537618,917.7067150535147,1041.1951391183277,364.45298311458885,1
2024-11-30,893.8381704918505,833.9331646286752,1165.9252810814496,923.8215412926412,1045.3469831857938,331.99211645277444,1
2024-12-01,841.3218446410825,803.4100176427565,1152.7877114437106,925.1930108709411,1063.6096849293947,349.37769380095403,1
2024-12-02,867.0424613528695,800.0597953574064,1118.1865741779216,903.4574679338982,1043.7114765351319,318.12677882051514,1
2024-12-03,932.491379510162,797.6968021751029,1158.980085762884,910.4974909205854,1047.817955059037,361.28328358778117,1
2024-12-04,810.1432732796578,795.6554254230292,1138.3809100056055,917.4122694010373,1030.984847130595,342.7254845825763,1
2024-12-05,844.5806044841005,819.5420658619606,1159.1477462833097,896.7179168940839,1035.0329290607337,339.6056804213491,1
2024-12-06,932.1259230916233,795.7185559283697,1151.788845617201,929.5439044634743,1055.8154249814309,356.0702896888314,1
2024-12-07,1003.4441793104603,820.6976081409503,1138.472773437549,915.5081524194429,1059.5695715930956,317.77516529659874,1
2024-12-08,1039.6354770263222,782.5665941640713,1156.2615869642798,901.512691514148,1069.998434117164,373.6949928002085,1
2024-12-09,1058.882298270072,811.1662657437842,1150.5610481782912,901.7975934469953,1042.9722644327185,339.3947824345071,1
2024-12-10,1028.2725827777692,795.7185559283697,1165.9252810814496,915.7343810272644,1033.8085539909866,370.2067251530799,1
2024-12-11,1042.9722644327185,807.7015127584815,1171.0285648672743,913.4362424829446,1048.0815146589266,363.3270521087928,1
2024-12-12,1113.3157862196335,854.5107162544153,1142.4280034404812,937.8060345112024,1044.9760749170184,287.9172871860659,0
2024-12-13,1064.6882864023753,812.7802301700362,1163.321054076556,914.1361496230784,1031.5335023289535,350.5408239065198,1
2024-12-14,1161.759033286242,835.1062441328564,1137.4739076110395,909.1035108396335,1035.1211802327894,302.3676634781831,0
2024-12-15,1199.81489669443,803.5896947057244,1155.824542653603,901.512691514148,1041.253295674645,352.2348479478786,0
2024-12-16,1046.788164777834,798.2623477092125,1112.8479971154866,917.3371099834258,1046.2771049091687,314.5856494062741,1
2024-12-17,1062.1531443023418,837.2433962024108,1165.9323410794882,916.4189186712829,1059.4485461783902,328.68894487707735,1
2024-12-18,1020.2613636504767,797.6968021751029,1107.350504447061,900.0429928685261,1036.4851473663107,309.6537022719581,1
2024-12-19,934.5701050737189,794.2331045276717,1160.108408537618,901.6652209724957,1043.1071590363006,365.8753040099464,1
2024-12-20,963.5828000237826,796.1671094776998,1120.0315806697517,903.2162485239659,1033.5068823835834,323.86447119205195,1
2024-12-21,988.6146382607222,802.1550335889191,1112.8479971154866,918.9005447778211,1029.509956792938,310.6929635265675,1
2024-12-22,952.5226140432665,807.7015127584815,1160.4312300569202,909.1387900657453,1064.2540969555546,352.7297172984387,1
2024-12-23,925.1930108709411,803.1312365718672,1144.638559905584,929.3765490762017,1042.039666847377,341.50732333371684,1
2024-12-24,893.735798198813,807.1821621578104,1182.544467903251,911.5618492531474,1050.7649274830385,375.3623057454406,1
2024-12-25,850.8984570079366,782.5665941640713,1138.869757696681,924.3762560626841,1041.5449508790066,356.3031635326098,1
2024-12-26,970.9235828045098,815.5853482958223,1146.0694790591458,912.3529339935841,1041.7864107027706,330.4841307633235,1
2024-12-27,913.0047858075486,830.1543418930104,1183.1884659777043,896.7849221057526,1036.843573033339,353.0341240846939,1
2024-12-28,960.9374134650285,800.9950355507463,1140.1227431117857,908.7556503359497,1041.466974077271,339.1277075610394,1
2024-12-29,958.4171480406127,835.0876115492989,1185.5142114837156,912.3529339935841,1041.5581692847404,350.4265999344167,1
2024-12-30,1062.8382996630191,838.9520961237313,1153.8493392897708,918.4573254673833,1062.706920926536,314.8972431660395,1
