Timestamp,Root_Cause,Consumption,Expected,Deviation
2024-01-15 01:00:00,Peak Load Spike,1619.3862810386597,1000.9066054112214,618.4796756274383
2024-01-21 16:00:00,Peak Load Spike,1512.2548488291975,1000.9066054112214,511.34824341797605
2024-01-28 04:00:00,Peak Load Spike,1572.665243890111,1000.9066054112214,571.7586384788896
2024-01-28 06:00:00,Irregular Pattern,1319.0824309489537,1000.9066054112214,318.1758255377323
2024-01-30 00:00:00,Irregular Pattern,1325.0458345571715,1000.9066054112214,324.13922914595
2024-02-04 06:00:00,Irregular Pattern,1326.1483935123715,1000.9066054112214,325.24178810115006
2024-02-05 07:00:00,Irregular Pattern,1333.5238610399972,1000.9066054112214,332.61725562877575
2024-02-06 05:00:00,Irregular Pattern,1313.845997569756,1000.9066054112214,312.9393921585346
2024-02-10 07:00:00,Irregular Pattern,1314.4998296939991,1000.9066054112214,313.59322428277767
2024-02-12 04:00:00,Night-time Anomaly,1323.122217998953,1000.9066054112214,322.21561258773147
2024-02-12 06:00:00,Irregular Pattern,1319.7692697511197,1000.9066054112214,318.8626643398983
2024-02-13 19:00:00,Peak Load Spike,1512.5895207248998,1000.9066054112214,511.68291531367834
2024-02-15 03:00:00,Night-time Anomaly,1314.7469819888613,1000.9066054112214,313.84037657763986
2024-02-16 05:00:00,Irregular Pattern,1335.128452272739,1000.9066054112214,334.2218468615175
2024-02-17 04:00:00,Night-time Anomaly,1312.4123415270747,1000.9066054112214,311.5057361158532
2024-02-18 05:00:00,Peak Load Spike,1356.7828556243896,1000.9066054112214,355.8762502131682
2024-02-18 09:00:00,Irregular Pattern,1333.2129857597595,1000.9066054112214,332.306380348538
2024-02-19 05:00:00,Irregular Pattern,1316.0630259960665,1000.9066054112214,315.156420584845
2024-02-20 02:00:00,Peak Load Spike,1952.0530630608189,1000.9066054112214,951.1464576495974
2024-02-20 09:00:00,Irregular Pattern,1310.6891554702654,1000.9066054112214,309.78255005904396
2024-02-21 05:00:00,Peak Load Spike,1361.4588560356763,1000.9066054112214,360.5522506244548
2024-02-21 09:00:00,Peak Load Spike,1354.4005657393427,1000.9066054112214,353.49396032812126
2024-02-22 06:00:00,Irregular Pattern,1317.9794703590771,1000.9066054112214,317.0728649478557
2024-02-22 08:00:00,Irregular Pattern,1327.0054866209666,1000.9066054112214,326.0988812097452
2024-02-23 04:00:00,Peak Load Spike,1361.1086018171566,1000.9066054112214,360.2019964059351
2024-02-27 03:00:00,Night-time Anomaly,1322.7691273426876,1000.9066054112214,321.8625219314662
2024-02-27 06:00:00,Peak Load Spike,1340.2696707423945,1000.9066054112214,339.36306533117306
2024-02-28 06:00:00,Irregular Pattern,1328.6090028681779,1000.9066054112214,327.7023974569564
2024-02-29 05:00:00,Irregular Pattern,1320.558325016321,1000.9066054112214,319.65171960509963
2024-02-29 10:00:00,Irregular Pattern,1323.5254984054143,1000.9066054112214,322.61889299419283
2024-03-01 08:00:00,Irregular Pattern,1320.8546593488875,1000.9066054112214,319.94805393766603
2024-03-02 06:00:00,Irregular Pattern,1333.7494522016048,1000.9066054112214,332.8428467903833
2024-03-03 03:00:00,Peak Load Spike,1374.0062274162426,1000.9066054112214,373.09962200502116
2024-03-03 06:00:00,Peak Load Spike,1352.6975145685715,1000.9066054112214,351.79090915735003
2024-03-03 07:00:00,Peak Load Spike,1372.5578739961013,1000.9066054112214,371.65126858487986
2024-03-03 08:00:00,Peak Load Spike,1365.4069058182054,1000.9066054112214,364.5003004069839
2024-03-03 21:00:00,Peak Load Spike,1826.018560386588,1000.9066054112214,825.1119549753665
2024-03-04 04:00:00,Night-time Anomaly,1339.3559753871778,1000.9066054112214,338.4493699759563
2024-03-04 07:00:00,Peak Load Spike,1366.577786745328,1000.9066054112214,365.67118133410656
2024-03-04 08:00:00,Irregular Pattern,1325.0011612435615,1000.9066054112214,324.09455583234
2024-03-05 05:00:00,Peak Load Spike,1363.924536513501,1000.9066054112214,363.0179311022795
2024-03-05 06:00:00,Peak Load Spike,1361.846680031245,1000.9066054112214,360.94007462002344
2024-03-08 04:00:00,Night-time Anomaly,1313.8155101739242,1000.9066054112214,312.9089047627027
2024-03-08 07:00:00,Peak Load Spike,1439.4783656944737,1000.9066054112214,438.5717602832523
2024-03-09 06:00:00,Peak Load Spike,1387.6541557302548,1000.9066054112214,386.7475503190334
2024-03-09 09:00:00,Irregular Pattern,1326.0151605708095,1000.9066054112214,325.10855515958804
2024-03-09 10:00:00,Peak Load Spike,1944.7061357399791,1000.9066054112214,943.7995303287577
2024-03-10 03:00:00,Night-time Anomaly,1313.3733455092156,1000.9066054112214,312.46674009799415
2024-03-10 04:00:00,Night-time Anomaly,1338.1803096173658,1000.9066054112214,337.2737042061443
2024-03-10 08:00:00,Irregular Pattern,1337.3864339911102,1000.9066054112214,336.4798285798887
2024-03-11 05:00:00,Peak Load Spike,1342.9993583502214,1000.9066054112214,342.092752939
2024-03-12 03:00:00,Peak Load Spike,1353.8225479144435,1000.9066054112214,352.915942503222
2024-03-12 06:00:00,Peak Load Spike,1343.6174969669182,1000.9066054112214,342.7108915556968
2024-03-13 06:00:00,Irregular Pattern,1329.3946457123177,1000.9066054112214,328.48804030109625
2024-03-14 03:00:00,Night-time Anomaly,1329.737455238429,1000.9066054112214,328.83084982720754
2024-03-14 05:00:00,Irregular Pattern,1334.6680346689384,1000.9066054112214,333.76142925771694
2024-03-14 06:00:00,Peak Load Spike,1371.0894280455118,1000.9066054112214,370.18282263429035
2024-03-14 07:00:00,Peak Load Spike,1352.8575129283754,1000.9066054112214,351.95090751715395
2024-03-14 08:00:00,Peak Load Spike,1359.1635689269756,1000.9066054112214,358.25696351575414
2024-03-15 07:00:00,Irregular Pattern,1326.1337525230738,1000.9066054112214,325.22714711185233
2024-03-16 07:00:00,Irregular Pattern,1314.5296126362343,1000.9066054112214,313.6230072250129
2024-03-16 22:00:00,Peak Load Spike,1483.9033237048995,1000.9066054112214,482.9967182936781
2024-03-17 03:00:00,Night-time Anomaly,1334.5165196403439,1000.9066054112214,333.6099142291224
2024-03-17 06:00:00,Irregular Pattern,1328.7802838838834,1000.9066054112214,327.87367847266194
2024-03-17 08:00:00,Irregular Pattern,1327.7019975467492,1000.9066054112214,326.7953921355278
2024-03-18 03:00:00,Peak Load Spike,1353.5930695164002,1000.9066054112214,352.68646410517874
2024-03-18 05:00:00,Irregular Pattern,1336.7360137110875,1000.9066054112214,335.82940829986603
2024-03-18 06:00:00,Peak Load Spike,1344.2491262787391,1000.9066054112214,343.3425208675177
2024-03-18 08:00:00,Peak Load Spike,1350.5140919352743,1000.9066054112214,349.6074865240529
2024-03-19 02:00:00,Night-time Anomaly,1310.4002012317135,1000.9066054112214,309.49359582049203
2024-03-19 03:00:00,Night-time Anomaly,1335.4118186472303,1000.9066054112214,334.5052132360089
2024-03-19 08:00:00,Irregular Pattern,1329.9214978555142,1000.9066054112214,329.01489244429274
2024-03-19 09:00:00,Peak Load Spike,1346.5977792733415,1000.9066054112214,345.6911738621201
2024-03-20 04:00:00,Night-time Anomaly,1317.1392300222703,1000.9066054112214,316.2326246110489
2024-03-20 06:00:00,Peak Load Spike,1354.4042478727151,1000.9066054112214,353.4976424614937
2024-03-20 07:00:00,Irregular Pattern,1310.852080470573,1000.9066054112214,309.94547505935145
2024-03-21 04:00:00,Peak Load Spike,1386.6775900620962,1000.9066054112214,385.77098465087477
2024-03-21 08:00:00,Irregular Pattern,1338.129444068098,1000.9066054112214,337.22283865687666
2024-03-21 09:00:00,Peak Load Spike,1365.1337215386009,1000.9066054112214,364.2271161273794
2024-03-22 04:00:00,Night-time Anomaly,1339.8997269505696,1000.9066054112214,338.9931215393482
2024-03-22 07:00:00,Peak Load Spike,1356.757200624136,1000.9066054112214,355.8505952129145
2024-03-22 13:00:00,Irregular Pattern,1328.2190652832787,1000.9066054112214,327.3124598720573
2024-03-23 04:00:00,Night-time Anomaly,1316.9576373024065,1000.9066054112214,316.05103189118506
2024-03-23 08:00:00,Peak Load Spike,1340.456777907388,1000.9066054112214,339.5501724961665
2024-03-23 09:00:00,Irregular Pattern,1315.7574844351398,1000.9066054112214,314.8508790239183
2024-03-24 03:00:00,Night-time Anomaly,1322.2651432487228,1000.9066054112214,321.35853783750133
2024-03-25 06:00:00,Peak Load Spike,1366.5826742834806,1000.9066054112214,365.6760688722592
2024-03-25 10:00:00,Irregular Pattern,1338.6434625088586,1000.9066054112214,337.7368570976372
2024-03-26 05:00:00,Peak Load Spike,1351.5634386911138,1000.9066054112214,350.65683327989234
2024-03-27 04:00:00,Peak Load Spike,1356.9747135603113,1000.9066054112214,356.0681081490899
2024-03-27 05:00:00,Peak Load Spike,1342.150604675239,1000.9066054112214,341.2439992640176
2024-03-27 06:00:00,Peak Load Spike,1347.5295092164802,1000.9066054112214,346.6229038052587
2024-03-27 07:00:00,Peak Load Spike,1357.6710342477213,1000.9066054112214,356.76442883649986
2024-03-28 04:00:00,Night-time Anomaly,1317.2190136995832,1000.9066054112214,316.3124082883618
2024-03-28 06:00:00,Peak Load Spike,1351.4816504323308,1000.9066054112214,350.5750450211093
2024-03-28 08:00:00,Irregular Pattern,1319.672166651613,1000.9066054112214,318.76556124039155
2024-03-29 08:00:00,Peak Load Spike,1406.9812790621613,1000.9066054112214,406.07467365093987
2024-03-29 09:00:00,Irregular Pattern,1309.6960081477134,1000.9066054112214,308.789402736492
2024-03-30 09:00:00,Peak Load Spike,1345.0996809640305,1000.9066054112214,344.1930755528091
2024-03-31 03:00:00,Night-time Anomaly,1327.6806270905206,1000.9066054112214,326.77402167929915
2024-03-31 04:00:00,Peak Load Spike,1365.5947982258751,1000.9066054112214,364.6881928146537
2024-04-01 05:00:00,Irregular Pattern,1326.0201946714544,1000.9066054112214,325.11358926023297
2024-04-01 07:00:00,Irregular Pattern,1319.7011644870172,1000.9066054112214,318.79455907579575
2024-04-01 08:00:00,Peak Load Spike,1387.8178157588623,1000.9066054112214,386.9112103476408
2024-04-02 04:00:00,Night-time Anomaly,1330.694294152382,1000.9066054112214,329.78768874116065
2024-04-02 07:00:00,Irregular Pattern,1309.8543412296442,1000.9066054112214,308.94773581842276
2024-04-02 10:00:00,Peak Load Spike,1354.9457571582511,1000.9066054112214,354.0391517470297
2024-04-03 07:00:00,Irregular Pattern,1330.7849963702347,1000.9066054112214,329.87839095901325
2024-04-03 10:00:00,Peak Load Spike,1348.6829353958542,1000.9066054112214,347.77632998463275
2024-04-04 05:00:00,Irregular Pattern,1316.5480371866668,1000.9066054112214,315.6414317754453
2024-04-04 06:00:00,Peak Load Spike,1361.5224728488029,1000.9066054112214,360.6158674375814
2024-04-04 08:00:00,Irregular Pattern,1320.3316935441374,1000.9066054112214,319.4250881329159
2024-04-04 09:00:00,Irregular Pattern,1330.0467398309074,1000.9066054112214,329.140134419686
2024-04-05 02:00:00,Night-time Anomaly,1309.2701892805171,1000.9066054112214,308.36358386929567
2024-04-05 05:00:00,Irregular Pattern,1319.231506854316,1000.9066054112214,318.3249014430945
2024-04-05 06:00:00,Irregular Pattern,1338.695586525447,1000.9066054112214,337.7889811142255
2024-04-05 09:00:00,Peak Load Spike,1341.3251608919688,1000.9066054112214,340.4185554807474
2024-04-05 10:00:00,Irregular Pattern,1336.4307438149938,1000.9066054112214,335.5241384037723
2024-04-06 01:00:00,Peak Load Spike,1380.6978447689219,1000.9066054112214,379.7912393577004
2024-04-06 04:00:00,Night-time Anomaly,1312.6119163551516,1000.9066054112214,311.70531094393016
2024-04-06 05:00:00,Peak Load Spike,1340.2472694511005,1000.9066054112214,339.340664039879
2024-04-06 07:00:00,Peak Load Spike,1385.6004023587775,1000.9066054112214,384.69379694755605
2024-04-07 06:00:00,Peak Load Spike,1343.4533221582935,1000.9066054112214,342.5467167470721
2024-04-07 07:00:00,Irregular Pattern,1324.2721561302203,1000.9066054112214,323.36555071899886
2024-04-07 08:00:00,Irregular Pattern,1310.5402055211634,1000.9066054112214,309.633600109942
2024-04-08 07:00:00,Irregular Pattern,1315.557672572311,1000.9066054112214,314.6510671610896
2024-04-09 06:00:00,Irregular Pattern,1315.2958845039386,1000.9066054112214,314.3892790927172
2024-04-10 04:00:00,Peak Load Spike,1367.9237464230164,1000.9066054112214,367.01714101179493
2024-04-10 05:00:00,Peak Load Spike,1361.242253385098,1000.9066054112214,360.33564797387646
2024-04-10 07:00:00,Irregular Pattern,1335.6615499620675,1000.9066054112214,334.75494455084606
2024-04-10 08:00:00,Irregular Pattern,1324.7324262005015,1000.9066054112214,323.8258207892801
2024-04-11 04:00:00,Night-time Anomaly,1339.9131715559572,1000.9066054112214,339.00656614473576
2024-04-11 06:00:00,Irregular Pattern,1325.2743176458923,1000.9066054112214,324.3677122346709
2024-04-12 06:00:00,Irregular Pattern,1330.527724459231,1000.9066054112214,329.6211190480095
2024-04-12 07:00:00,Peak Load Spike,1367.352959600045,1000.9066054112214,366.44635418882365
2024-04-13 05:00:00,Peak Load Spike,1365.0330040267181,1000.9066054112214,364.12639861549667
2024-04-13 07:00:00,Irregular Pattern,1326.957056830994,1000.9066054112214,326.05045141977246
2024-04-13 09:00:00,Peak Load Spike,1352.3388685409764,1000.9066054112214,351.4322631297549
2024-04-13 10:00:00,Peak Load Spike,1345.2552878051747,1000.9066054112214,344.34868239395325
2024-04-14 04:00:00,Night-time Anomaly,1310.2095660616146,1000.9066054112214,309.3029606503932
2024-04-14 05:00:00,Peak Load Spike,1340.0465069636987,1000.9066054112214,339.1399015524772
2024-04-14 10:00:00,Peak Load Spike,1392.3394851911705,1000.9066054112214,391.4328797799491
2024-04-15 01:00:00,Peak Load Spike,1369.5348057645303,1000.9066054112214,368.6282003533089
2024-04-15 04:00:00,Night-time Anomaly,1326.9809020309172,1000.9066054112214,326.0742966196957
2024-04-15 05:00:00,Irregular Pattern,1314.9811754224645,1000.9066054112214,314.07457001124305
2024-04-15 06:00:00,Irregular Pattern,1315.2247348991823,1000.9066054112214,314.31812948796085
2024-04-15 07:00:00,Irregular Pattern,1321.1208346913713,1000.9066054112214,320.2142292801499
2024-04-15 08:00:00,Peak Load Spike,1383.5810531459329,1000.9066054112214,382.6744477347114
2024-04-16 00:00:00,Irregular Pattern,1314.9233809220877,1000.9066054112214,314.0167755108663
2024-04-16 04:00:00,Night-time Anomaly,1331.1143306225506,1000.9066054112214,330.20772521132915
2024-04-16 05:00:00,Peak Load Spike,1394.4208651191009,1000.9066054112214,393.51425970787943
2024-04-16 08:00:00,Peak Load Spike,1373.4469011930346,1000.9066054112214,372.54029578181314
2024-04-17 06:00:00,Peak Load Spike,1423.5014700423285,1000.9066054112214,422.59486463110704
2024-04-17 08:00:00,Peak Load Spike,1352.1949940753489,1000.9066054112214,351.2883886641274
2024-04-17 09:00:00,Irregular Pattern,1312.897948214919,1000.9066054112214,311.99134280369765
2024-04-18 06:00:00,Peak Load Spike,1351.5009854923508,1000.9066054112214,350.5943800811293
2024-04-19 03:00:00,Night-time Anomaly,1334.1080927287326,1000.9066054112214,333.2014873175111
2024-04-19 04:00:00,Night-time Anomaly,1312.3906694496416,1000.9066054112214,311.4840640384201
2024-04-19 05:00:00,Irregular Pattern,1326.5646246179485,1000.9066054112214,325.6580192067271
2024-04-19 07:00:00,Peak Load Spike,1357.5472645689656,1000.9066054112214,356.64065915774415
2024-04-19 10:00:00,Irregular Pattern,1310.4682640610395,1000.9066054112214,309.561658649818
2024-04-21 05:00:00,Irregular Pattern,1316.1859626228895,1000.9066054112214,315.27935721166807
2024-04-21 07:00:00,Irregular Pattern,1313.9089078226013,1000.9066054112214,313.0023024113799
2024-04-22 07:00:00,Peak Load Spike,1355.1837280187056,1000.9066054112214,354.2771226074841
2024-04-22 08:00:00,Irregular Pattern,1327.6628032802018,1000.9066054112214,326.7561978689804
2024-04-23 05:00:00,Irregular Pattern,1326.7354288752053,1000.9066054112214,325.8288234639839
2024-04-23 08:00:00,Peak Load Spike,1370.0324279378876,1000.9066054112214,369.1258225266662
2024-04-24 02:00:00,Night-time Anomaly,1312.4564673579475,1000.9066054112214,311.5498619467261
2024-04-25 05:00:00,Irregular Pattern,1320.840187932853,1000.9066054112214,319.9335825216316
2024-04-26 06:00:00,Irregular Pattern,1311.5150007596787,1000.9066054112214,310.6083953484573
2024-04-26 13:00:00,Abnormal Reduction,556.4596008651338,1000.9066054112214,-444.44700454608767
2024-04-27 04:00:00,Peak Load Spike,1353.9694240460256,1000.9066054112214,353.0628186348041
2024-04-27 06:00:00,Peak Load Spike,1371.928189000337,1000.9066054112214,371.0215835891155
2024-04-27 07:00:00,Irregular Pattern,1317.538378785036,1000.9066054112214,316.63177337381455
2024-04-28 04:00:00,Peak Load Spike,1360.7215037022286,1000.9066054112214,359.8148982910071
2024-04-28 05:00:00,Peak Load Spike,1356.738500976557,1000.9066054112214,355.83189556533546
2024-04-28 06:00:00,Peak Load Spike,1389.722730976258,1000.9066054112214,388.8161255650365
2024-04-30 07:00:00,Peak Load Spike,1341.5327681253993,1000.9066054112214,340.6261627141779
2024-05-01 05:00:00,Irregular Pattern,1333.4387095500388,1000.9066054112214,332.5321041388173
2024-05-02 05:00:00,Irregular Pattern,1316.6227391408215,1000.9066054112214,315.7161337296001
2024-05-02 06:00:00,Irregular Pattern,1315.9945428042888,1000.9066054112214,315.08793739306736
2024-05-02 07:00:00,Peak Load Spike,1342.3453055860475,1000.9066054112214,341.43870017482607
2024-05-03 03:00:00,Night-time Anomaly,1328.7192021436958,1000.9066054112214,327.8125967324744
2024-05-03 06:00:00,Irregular Pattern,1327.1965115794092,1000.9066054112214,326.2899061681877
2024-05-04 05:00:00,Irregular Pattern,1328.8756994994978,1000.9066054112214,327.9690940882764
2024-05-05 03:00:00,Night-time Anomaly,1332.0435726086475,1000.9066054112214,331.1369671974261
2024-05-07 06:00:00,Peak Load Spike,1349.5560474934841,1000.9066054112214,348.6494420822627
2024-05-08 03:00:00,Night-time Anomaly,1322.6549378832647,1000.9066054112214,321.7483324720432
2024-05-09 00:00:00,Peak Load Spike,1749.5800808490715,1000.9066054112214,748.67347543785
2024-05-09 06:00:00,Peak Load Spike,1341.1883665066255,1000.9066054112214,340.281761095404
2024-05-10 07:00:00,Irregular Pattern,1319.0144456578466,1000.9066054112214,318.1078402466252
2024-05-14 06:00:00,Irregular Pattern,1316.192078000457,1000.9066054112214,315.2854725892356
2024-05-15 01:00:00,Irregular Pattern,1315.1154211695568,1000.9066054112214,314.2088157583354
2024-05-17 08:00:00,Irregular Pattern,1310.7233653417607,1000.9066054112214,309.8167599305392
2024-05-18 07:00:00,Peak Load Spike,1350.525452899129,1000.9066054112214,349.6188474879076
2024-05-20 05:00:00,Irregular Pattern,1327.333739315044,1000.9066054112214,326.42713390382266
2024-05-22 04:00:00,Night-time Anomaly,1314.1507061385178,1000.9066054112214,313.2441007272963
2024-05-24 05:00:00,Irregular Pattern,1313.9477286468452,1000.9066054112214,313.0411232356238
2024-05-27 06:00:00,Irregular Pattern,1318.8406336288153,1000.9066054112214,317.9340282175939
2024-05-29 18:00:00,Peak Load Spike,1564.8944101752477,1000.9066054112214,563.9878047640262
2024-06-16 00:00:00,Abnormal Reduction,583.3949354118354,1000.9066054112214,-417.5116699993861
2024-06-20 02:00:00,Peak Load Spike,1778.6978982655878,1000.9066054112214,777.7912928543664
2024-07-07 22:00:00,Peak Load Spike,1487.7405286155235,1000.9066054112214,486.8339232043021
2024-07-23 23:00:00,Abnormal Reduction,590.3515059731252,1000.9066054112214,-410.55509943809625
2024-07-29 23:00:00,Irregular Pattern,667.8394466468421,1000.9066054112214,-333.0671587643793
2024-08-10 19:00:00,Irregular Pattern,665.485018278996,1000.9066054112214,-335.42158713222545
2024-08-10 20:00:00,Irregular Pattern,685.4825136286496,1000.9066054112214,-315.42409178257185
2024-08-12 18:00:00,Irregular Pattern,696.4760788538387,1000.9066054112214,-304.4305265573828
2024-08-13 17:00:00,Irregular Pattern,669.1918262550678,1000.9066054112214,-331.71477915615367
2024-08-15 16:00:00,Irregular Pattern,674.7300328073512,1000.9066054112214,-326.1765726038702
2024-08-17 19:00:00,Irregular Pattern,682.0389018654711,1000.9066054112214,-318.8677035457504
2024-08-18 18:00:00,Irregular Pattern,690.7131672411787,1000.9066054112214,-310.1934381700428
2024-08-20 19:00:00,Abnormal Reduction,614.1365474700561,1000.9066054112214,-386.7700579411653
2024-08-21 23:00:00,Irregular Pattern,691.5545235915816,1000.9066054112214,-309.3520818196398
2024-08-24 18:00:00,Irregular Pattern,688.8680395861785,1000.9066054112214,-312.03856582504295
2024-08-24 21:00:00,Irregular Pattern,693.5462685801213,1000.9066054112214,-307.3603368311002
2024-08-25 17:00:00,Abnormal Reduction,636.3919353942881,1000.9066054112214,-364.51467001693334
2024-08-26 14:00:00,Irregular Pattern,675.1272151562382,1000.9066054112214,-325.77939025498324
2024-08-27 13:00:00,Peak Load Spike,1383.0271290200449,1000.9066054112214,382.1205236088234
2024-08-27 17:00:00,Irregular Pattern,668.9770364321864,1000.9066054112214,-331.929568979035
2024-08-27 19:00:00,Irregular Pattern,684.503478695414,1000.9066054112214,-316.4031267158075
2024-08-28 15:00:00,Irregular Pattern,695.7906996495972,1000.9066054112214,-305.1159057616243
2024-08-28 20:00:00,Irregular Pattern,683.0279545725973,1000.9066054112214,-317.87865083862414
2024-08-29 22:00:00,Irregular Pattern,664.074261294412,1000.9066054112214,-336.8323441168094
2024-08-30 17:00:00,Abnormal Reduction,647.5647551788431,1000.9066054112214,-353.3418502323783
2024-08-31 16:00:00,Irregular Pattern,693.5488753829998,1000.9066054112214,-307.3577300282217
2024-09-01 17:00:00,Irregular Pattern,682.3518664259021,1000.9066054112214,-318.5547389853193
2024-09-01 19:00:00,Irregular Pattern,678.7436553198238,1000.9066054112214,-322.16295009139765
2024-09-01 20:00:00,Abnormal Reduction,656.7782423228413,1000.9066054112214,-344.1283630883802
2024-09-02 16:00:00,Abnormal Reduction,657.7588942190298,1000.9066054112214,-343.14771119219165
2024-09-02 21:00:00,Abnormal Reduction,625.7622208668434,1000.9066054112214,-375.144384544378
2024-09-03 15:00:00,Irregular Pattern,695.7466765566783,1000.9066054112214,-305.1599288545432
2024-09-03 20:00:00,Abnormal Reduction,646.8664710193651,1000.9066054112214,-354.0401343918563
2024-09-04 15:00:00,Irregular Pattern,671.9539571150008,1000.9066054112214,-328.9526482962207
2024-09-04 18:00:00,Irregular Pattern,689.6433355401808,1000.9066054112214,-311.2632698710406
2024-09-04 20:00:00,Abnormal Reduction,649.63497320718,1000.9066054112214,-351.27163220404145
2024-09-04 21:00:00,Irregular Pattern,674.0653480753296,1000.9066054112214,-326.8412573358919
2024-09-05 17:00:00,Irregular Pattern,692.0917415520408,1000.9066054112214,-308.8148638591806
2024-09-05 21:00:00,Abnormal Reduction,639.6601452386836,1000.9066054112214,-361.2464601725378
2024-09-06 16:00:00,Irregular Pattern,680.4246399188788,1000.9066054112214,-320.4819654923426
2024-09-06 21:00:00,Irregular Pattern,685.0739163170703,1000.9066054112214,-315.8326890941512
2024-09-08 08:00:00,Peak Load Spike,1386.6086665982746,1000.9066054112214,385.7020611870531
2024-09-08 19:00:00,Irregular Pattern,699.7215428432906,1000.9066054112214,-301.1850625679308
2024-09-09 18:00:00,Irregular Pattern,671.1419598863686,1000.9066054112214,-329.7646455248529
2024-09-10 15:00:00,Irregular Pattern,663.7814710148666,1000.9066054112214,-337.12513439635484
2024-09-10 21:00:00,Irregular Pattern,697.3213881125255,1000.9066054112214,-303.58521729869597
2024-09-11 15:00:00,Irregular Pattern,676.767549229551,1000.9066054112214,-324.1390561816704
2024-09-11 17:00:00,Irregular Pattern,670.4065538115251,1000.9066054112214,-330.50005159969635
2024-09-11 19:00:00,Irregular Pattern,662.4125650358415,1000.9066054112214,-338.49404037538
2024-09-11 21:00:00,Irregular Pattern,697.9049320631377,1000.9066054112214,-303.0016733480837
2024-09-12 13:00:00,Peak Load Spike,1413.2594770718106,1000.9066054112214,412.35287166058913
2024-09-12 15:00:00,Irregular Pattern,681.5874964691343,1000.9066054112214,-319.31910894208715
2024-09-12 17:00:00,Irregular Pattern,684.416493987004,1000.9066054112214,-316.4901114242175
2024-09-12 20:00:00,Irregular Pattern,698.6217399450462,1000.9066054112214,-302.28486546617523
2024-09-13 15:00:00,Abnormal Reduction,659.6857709795246,1000.9066054112214,-341.22083443169686
2024-09-13 18:00:00,Abnormal Reduction,645.9430054973084,1000.9066054112214,-354.9635999139131
2024-09-13 19:00:00,Abnormal Reduction,635.2431318199227,1000.9066054112214,-365.6634735912987
2024-09-14 14:00:00,Irregular Pattern,671.235883391589,1000.9066054112214,-329.6707220196324
2024-09-14 17:00:00,Irregular Pattern,673.5446744481435,1000.9066054112214,-327.36193096307795
2024-09-15 17:00:00,Irregular Pattern,677.0871031938633,1000.9066054112214,-323.81950221735815
2024-09-15 20:00:00,Irregular Pattern,696.1272629879561,1000.9066054112214,-304.77934242326535
2024-09-15 21:00:00,Irregular Pattern,670.580842111191,1000.9066054112214,-330.3257633000304
2024-09-15 23:00:00,Irregular Pattern,698.4976165447938,1000.9066054112214,-302.40898886642765
2024-09-16 17:00:00,Abnormal Reduction,584.8305920913023,1000.9066054112214,-416.0760133199192
2024-09-16 18:00:00,Irregular Pattern,694.690919437603,1000.9066054112214,-306.2156859736184
2024-09-16 20:00:00,Irregular Pattern,687.5390452896163,1000.9066054112214,-313.36756012160515
2024-09-17 15:00:00,Abnormal Reduction,624.1076532544851,1000.9066054112214,-376.7989521567364
2024-09-17 17:00:00,Abnormal Reduction,641.165912562253,1000.9066054112214,-359.7406928489685
2024-09-17 18:00:00,Abnormal Reduction,654.8151483735859,1000.9066054112214,-346.09145703763556
2024-09-17 19:00:00,Irregular Pattern,691.7951111085455,1000.9066054112214,-309.11149430267596
2024-09-18 14:00:00,Irregular Pattern,693.9105442912531,1000.9066054112214,-306.9960611199683
2024-09-18 20:00:00,Irregular Pattern,687.8802562519318,1000.9066054112214,-313.0263491592897
2024-09-19 16:00:00,Abnormal Reduction,619.6594197183738,1000.9066054112214,-381.24718569284767
2024-09-19 18:00:00,Irregular Pattern,663.0484473353185,1000.9066054112214,-337.8581580759029
2024-09-20 19:00:00,Abnormal Reduction,638.4301283376851,1000.9066054112214,-362.47647707353633
2024-09-20 20:00:00,Irregular Pattern,694.1413231966715,1000.9066054112214,-306.76528221455
2024-09-21 00:00:00,Irregular Pattern,1318.6098223505533,1000.9066054112214,317.7032169393318
2024-09-21 15:00:00,Irregular Pattern,679.8520860128597,1000.9066054112214,-321.0545193983618
2024-09-21 16:00:00,Abnormal Reduction,648.1496677885971,1000.9066054112214,-352.7569376226244
2024-09-21 18:00:00,Abnormal Reduction,598.5394741785667,1000.9066054112214,-402.36713123265474
2024-09-21 19:00:00,Irregular Pattern,694.017103705791,1000.9066054112214,-306.88950170543046
2024-09-21 21:00:00,Abnormal Reduction,654.3720425633285,1000.9066054112214,-346.53456284789297
2024-09-21 22:00:00,Abnormal Reduction,653.2095125155674,1000.9066054112214,-347.697092895654
2024-09-22 21:00:00,Abnormal Reduction,659.2036531632091,1000.9066054112214,-341.70295224801237
2024-09-23 15:00:00,Abnormal Reduction,659.101477961906,1000.9066054112214,-341.8051274493155
2024-09-23 17:00:00,Irregular Pattern,664.1744345371513,1000.9066054112214,-336.7321708740701
2024-09-23 18:00:00,Irregular Pattern,683.166401381926,1000.9066054112214,-317.74020402929546
2024-09-24 16:00:00,Irregular Pattern,686.9637271978629,1000.9066054112214,-313.94287821335854
2024-09-24 18:00:00,Abnormal Reduction,660.3459266453796,1000.9066054112214,-340.5606787658419
2024-09-24 23:00:00,Abnormal Reduction,644.2046004467345,1000.9066054112214,-356.70200496448695
2024-09-25 16:00:00,Abnormal Reduction,601.5230235081278,1000.9066054112214,-399.3835819030936
2024-09-25 18:00:00,Irregular Pattern,687.0981376960718,1000.9066054112214,-313.8084677151496
2024-09-25 20:00:00,Abnormal Reduction,659.1929051707413,1000.9066054112214,-341.7137002404802
2024-09-25 21:00:00,Irregular Pattern,699.0370054156475,1000.9066054112214,-301.86959999557394
2024-09-25 22:00:00,Irregular Pattern,675.3655950742293,1000.9066054112214,-325.54101033699214
2024-09-26 17:00:00,Abnormal Reduction,584.8543221832513,1000.9066054112214,-416.0522832279702
2024-09-26 18:00:00,Abnormal Reduction,608.9898481782787,1000.9066054112214,-391.9167572329427
2024-09-26 21:00:00,Irregular Pattern,684.2097781035519,1000.9066054112214,-316.69682730766954
2024-09-27 14:00:00,Irregular Pattern,698.9930362498362,1000.9066054112214,-301.9135691613852
2024-09-27 18:00:00,Irregular Pattern,696.944187976832,1000.9066054112214,-303.9624174343894
2024-09-27 19:00:00,Irregular Pattern,685.7627282524485,1000.9066054112214,-315.14387715877297
2024-09-27 21:00:00,Irregular Pattern,669.0261810981467,1000.9066054112214,-331.88042431307474
2024-09-28 14:00:00,Abnormal Reduction,614.9716914745641,1000.9066054112214,-385.9349139366574
2024-09-28 16:00:00,Irregular Pattern,696.1181909700783,1000.9066054112214,-304.7884144411431
2024-09-28 17:00:00,Irregular Pattern,699.7845986716785,1000.9066054112214,-301.12200673954294
2024-09-28 18:00:00,Irregular Pattern,681.687551562774,1000.9066054112214,-319.2190538484474
2024-09-29 13:00:00,Abnormal Reduction,640.4330035992465,1000.9066054112214,-360.47360181197496
2024-09-29 14:00:00,Irregular Pattern,662.4915535798154,1000.9066054112214,-338.415051831406
2024-09-29 17:00:00,Irregular Pattern,684.9736317450523,1000.9066054112214,-315.9329736661691
2024-09-29 18:00:00,Abnormal Reduction,621.0578172222969,1000.9066054112214,-379.8487881889246
2024-09-29 19:00:00,Irregular Pattern,662.5400395753861,1000.9066054112214,-338.36656583583533
2024-09-30 18:00:00,Irregular Pattern,693.3498418034968,1000.9066054112214,-307.55676360772463
2024-09-30 19:00:00,Abnormal Reduction,637.3628546917729,1000.9066054112214,-363.54375071944855
2024-10-01 15:00:00,Irregular Pattern,670.4239362341908,1000.9066054112214,-330.48266917703063
2024-10-01 17:00:00,Irregular Pattern,672.3211205376082,1000.9066054112214,-328.58548487361327
2024-10-01 18:00:00,Abnormal Reduction,608.0163129183984,1000.9066054112214,-392.89029249282305
2024-10-01 20:00:00,Irregular Pattern,688.217335311911,1000.9066054112214,-312.6892700993104
2024-10-01 21:00:00,Irregular Pattern,698.9356302047518,1000.9066054112214,-301.9709752064697
2024-10-01 22:00:00,Abnormal Reduction,661.7709529485895,1000.9066054112214,-339.1356524626319
2024-10-02 18:00:00,Abnormal Reduction,628.1825147992156,1000.9066054112214,-372.72409061200585
2024-10-02 19:00:00,Irregular Pattern,692.2677943530247,1000.9066054112214,-308.6388110581968
2024-10-02 20:00:00,Abnormal Reduction,594.6044778172727,1000.9066054112214,-406.30212759394874
2024-10-03 16:00:00,Abnormal Reduction,658.6975307918984,1000.9066054112214,-342.209074619323
2024-10-03 18:00:00,Abnormal Reduction,657.5918627392377,1000.9066054112214,-343.3147426719837
2024-10-03 19:00:00,Irregular Pattern,670.2096647385026,1000.9066054112214,-330.6969406727188
2024-10-03 20:00:00,Irregular Pattern,664.7637142372682,1000.9066054112214,-336.1428911739532
2024-10-03 21:00:00,Abnormal Reduction,632.221182566934,1000.9066054112214,-368.6854228442875
2024-10-04 15:00:00,Abnormal Reduction,594.356920511092,1000.9066054112214,-406.5496849001295
2024-10-04 16:00:00,Irregular Pattern,677.8523875493464,1000.9066054112214,-323.05421786187503
2024-10-04 17:00:00,Abnormal Reduction,657.6683974412304,1000.9066054112214,-343.2382079699911
2024-10-04 18:00:00,Abnormal Reduction,637.7986383200948,1000.9066054112214,-363.1079670911266
2024-10-04 19:00:00,Irregular Pattern,693.143535555476,1000.9066054112214,-307.76306985574547
2024-10-05 15:00:00,Irregular Pattern,683.7235399460188,1000.9066054112214,-317.1830654652026
2024-10-05 16:00:00,Abnormal Reduction,626.3414712033382,1000.9066054112214,-374.56513420788326
2024-10-05 17:00:00,Irregular Pattern,669.3780339387466,1000.9066054112214,-331.5285714724748
2024-10-05 19:00:00,Irregular Pattern,669.0145935348585,1000.9066054112214,-331.892011876363
2024-10-06 18:00:00,Abnormal Reduction,602.901378625747,1000.9066054112214,-398.0052267854744
2024-10-07 19:00:00,Abnormal Reduction,653.4787797511839,1000.9066054112214,-347.42782566003757
2024-10-07 20:00:00,Abnormal Reduction,629.3522397895216,1000.9066054112214,-371.55436562169984
2024-10-07 22:00:00,Irregular Pattern,673.1206355051689,1000.9066054112214,-327.7859699060525
2024-10-08 17:00:00,Irregular Pattern,695.5076528500769,1000.9066054112214,-305.3989525611446
2024-10-08 20:00:00,Abnormal Reduction,609.1309178627538,1000.9066054112214,-391.77568754846766
2024-10-09 17:00:00,Irregular Pattern,684.7208583737755,1000.9066054112214,-316.18574703744594
2024-10-09 19:00:00,Abnormal Reduction,649.217613896086,1000.9066054112214,-351.6889915151354
2024-10-09 20:00:00,Abnormal Reduction,660.8915887876706,1000.9066054112214,-340.0150166235509
2024-10-10 16:00:00,Irregular Pattern,697.5228134017044,1000.9066054112214,-303.38379200951704
2024-10-10 17:00:00,Abnormal Reduction,641.0980298899199,1000.9066054112214,-359.8085755213016
2024-10-10 19:00:00,Abnormal Reduction,634.7015177589288,1000.9066054112214,-366.2050876522926
2024-10-10 20:00:00,Irregular Pattern,674.5324993222487,1000.9066054112214,-326.3741060889728
2024-10-10 21:00:00,Abnormal Reduction,626.9750178005039,1000.9066054112214,-373.93158761071754
2024-10-10 22:00:00,Irregular Pattern,681.857173057648,1000.9066054112214,-319.0494323535735
2024-10-11 15:00:00,Irregular Pattern,695.2471708221545,1000.9066054112214,-305.6594345890669
2024-10-11 16:00:00,Abnormal Reduction,659.3186603028662,1000.9066054112214,-341.58794510835526
2024-10-11 19:00:00,Abnormal Reduction,648.17710097175,1000.9066054112214,-352.7295044394715
2024-10-11 21:00:00,Abnormal Reduction,644.4216028295367,1000.9066054112214,-356.48500258168474
2024-10-12 13:00:00,Irregular Pattern,691.9356694102942,1000.9066054112214,-308.9709360009273
2024-10-12 17:00:00,Irregular Pattern,692.9957561905657,1000.9066054112214,-307.9108492206558
2024-10-12 18:00:00,Irregular Pattern,673.3439615724355,1000.9066054112214,-327.5626438387859
2024-10-12 20:00:00,Irregular Pattern,676.4168515413598,1000.9066054112214,-324.4897538698616
2024-10-13 15:00:00,Abnormal Reduction,652.81577550671,1000.9066054112214,-348.09082990451145
2024-10-13 18:00:00,Irregular Pattern,668.5391310469029,1000.9066054112214,-332.3674743643186
2024-10-13 19:00:00,Irregular Pattern,698.9756812185509,1000.9066054112214,-301.93092419267055
2024-10-13 21:00:00,Irregular Pattern,693.6289644467903,1000.9066054112214,-307.27764096443116
2024-10-13 22:00:00,Irregular Pattern,681.3021088741807,1000.9066054112214,-319.60449653704075
2024-10-14 18:00:00,Abnormal Reduction,647.5774580031186,1000.9066054112214,-353.3291474081028
2024-10-14 19:00:00,Irregular Pattern,691.3221732487436,1000.9066054112214,-309.5844321624778
2024-10-14 20:00:00,Irregular Pattern,676.2654494016292,1000.9066054112214,-324.64115600959224
2024-10-14 21:00:00,Irregular Pattern,690.644034584515,1000.9066054112214,-310.26257082670645
2024-10-14 22:00:00,Abnormal Reduction,650.4258288255018,1000.9066054112214,-350.4807765857197
2024-10-15 15:00:00,Irregular Pattern,679.2569525261082,1000.9066054112214,-321.64965288511326
2024-10-15 17:00:00,Abnormal Reduction,656.268221552757,1000.9066054112214,-344.6383838584644
2024-10-15 18:00:00,Irregular Pattern,667.5127411538448,1000.9066054112214,-333.39386425737666
2024-10-16 14:00:00,Irregular Pattern,690.7605079779248,1000.9066054112214,-310.14609743329663
2024-10-16 16:00:00,Abnormal Reduction,647.6090791494023,1000.9066054112214,-353.29752626181914
2024-10-16 17:00:00,Irregular Pattern,677.4838929826029,1000.9066054112214,-323.4227124286185
2024-10-16 18:00:00,Abnormal Reduction,657.6334531207185,1000.9066054112214,-343.27315229050294
2024-10-16 19:00:00,Abnormal Reduction,623.2704216080186,1000.9066054112214,-377.6361838032028
2024-10-17 19:00:00,Abnormal Reduction,614.3716666121629,1000.9066054112214,-386.5349387990585
2024-10-17 20:00:00,Abnormal Reduction,656.211320206712,1000.9066054112214,-344.69528520450945
2024-10-18 17:00:00,Abnormal Reduction,624.0041616323192,1000.9066054112214,-376.90244377890224
2024-10-19 19:00:00,Abnormal Reduction,657.6928125282769,1000.9066054112214,-343.2137928829445
2024-10-19 20:00:00,Irregular Pattern,666.2452073587941,1000.9066054112214,-334.66139805242733
2024-10-19 22:00:00,Irregular Pattern,692.5822756813611,1000.9066054112214,-308.3243297298603
2024-10-20 16:00:00,Abnormal Reduction,661.4599273350286,1000.9066054112214,-339.4466780761928
2024-10-20 17:00:00,Abnormal Reduction,657.441367472423,1000.9066054112214,-343.4652379387984
2024-10-20 23:00:00,Irregular Pattern,699.7974024099478,1000.9066054112214,-301.1092030012736
2024-10-21 13:00:00,Irregular Pattern,682.7550056842312,1000.9066054112214,-318.1515997269903
2024-10-21 15:00:00,Irregular Pattern,695.2241971329701,1000.9066054112214,-305.6824082782514
2024-10-21 16:00:00,Abnormal Reduction,657.6186320183035,1000.9066054112214,-343.28797339291793
2024-10-22 15:00:00,Abnormal Reduction,657.5006946491097,1000.9066054112214,-343.4059107621117
2024-10-22 18:00:00,Irregular Pattern,670.2975166115835,1000.9066054112214,-330.6090887996379
2024-10-22 19:00:00,Abnormal Reduction,647.2778607686676,1000.9066054112214,-353.6287446425539
2024-10-23 17:00:00,Irregular Pattern,676.7517552886765,1000.9066054112214,-324.154850122545
2024-10-23 18:00:00,Irregular Pattern,691.580097696713,1000.9066054112214,-309.32650771450847
2024-10-23 21:00:00,Abnormal Reduction,648.2234241430959,1000.9066054112214,-352.6831812681255
2024-10-24 12:00:00,Abnormal Reduction,655.432456988829,1000.9066054112214,-345.47414842239243
2024-10-24 15:00:00,Irregular Pattern,661.9005830300185,1000.9066054112214,-339.0060223812029
2024-10-24 19:00:00,Abnormal Reduction,587.7007978203321,1000.9066054112214,-413.2058075908893
2024-10-25 18:00:00,Irregular Pattern,694.053540660221,1000.9066054112214,-306.8530647510005
2024-10-26 13:00:00,Irregular Pattern,692.256511095666,1000.9066054112214,-308.6500943155554
2024-10-27 19:00:00,Abnormal Reduction,637.7277857113427,1000.9066054112214,-363.1788196998788
2024-10-27 21:00:00,Abnormal Reduction,636.9678625741052,1000.9066054112214,-363.93874283711625
2024-10-28 18:00:00,Irregular Pattern,680.0947213179536,1000.9066054112214,-320.81188409326785
2024-10-28 19:00:00,Irregular Pattern,694.1006686253553,1000.9066054112214,-306.80593678586615
2024-10-29 17:00:00,Irregular Pattern,694.9155668718718,1000.9066054112214,-305.9910385393497
2024-10-29 22:00:00,Irregular Pattern,688.7997987145823,1000.9066054112214,-312.1068066966392
2024-10-30 18:00:00,Abnormal Reduction,578.3696750685763,1000.9066054112214,-422.5369303426452
2024-10-30 19:00:00,Irregular Pattern,697.4740600016106,1000.9066054112214,-303.43254540961084
2024-10-31 17:00:00,Abnormal Reduction,633.8160244531249,1000.9066054112214,-367.09058095809655
2024-10-31 18:00:00,Irregular Pattern,671.9114164203642,1000.9066054112214,-328.9951889908573
2024-10-31 20:00:00,Irregular Pattern,694.9403746411871,1000.9066054112214,-305.9662307700344
2024-11-01 17:00:00,Abnormal Reduction,646.0266413321096,1000.9066054112214,-354.8799640791118
2024-11-02 00:00:00,Abnormal Reduction,634.2917007158511,1000.9066054112214,-366.61490469537034
2024-11-02 08:00:00,Abnormal Reduction,469.53304002571366,1000.9066054112214,-531.3735653855078
2024-11-03 01:00:00,Abnormal Reduction,469.7344769576547,1000.9066054112214,-531.1721284535668
2024-11-04 16:00:00,Abnormal Reduction,654.7000700197386,1000.9066054112214,-346.2065353914828
2024-11-05 15:00:00,Irregular Pattern,695.0866845030512,1000.9066054112214,-305.8199209081703
2024-11-05 17:00:00,Irregular Pattern,694.2970570766637,1000.9066054112214,-306.60954833455776
2024-11-06 19:00:00,Irregular Pattern,675.3073917035035,1000.9066054112214,-325.5992137077179
2024-11-08 17:00:00,Abnormal Reduction,634.6264065234968,1000.9066054112214,-366.2801988877246
2024-11-09 16:00:00,Irregular Pattern,684.5246858345,1000.9066054112214,-316.38191957672143
2024-11-09 17:00:00,Abnormal Reduction,646.4112620638637,1000.9066054112214,-354.4953433473578
2024-11-10 16:00:00,Irregular Pattern,684.7120851217011,1000.9066054112214,-316.19452028952037
2024-11-10 17:00:00,Irregular Pattern,693.3853885379491,1000.9066054112214,-307.52121687327235
2024-11-11 06:00:00,Abnormal Reduction,660.685161707063,1000.9066054112214,-340.22144370415845
2024-11-11 16:00:00,Abnormal Reduction,655.5968327129666,1000.9066054112214,-345.30977269825485
2024-11-11 19:00:00,Irregular Pattern,682.0918579955722,1000.9066054112214,-318.8147474156492
2024-11-13 20:00:00,Irregular Pattern,687.9603825057559,1000.9066054112214,-312.94622290546556
2024-11-15 15:00:00,Irregular Pattern,687.7328258402533,1000.9066054112214,-313.1737795709681
2024-11-15 21:00:00,Abnormal Reduction,609.036161966191,1000.9066054112214,-391.87044344503045
2024-11-16 17:00:00,Irregular Pattern,694.823012122045,1000.9066054112214,-306.0835932891764
2024-11-23 10:00:00,Abnormal Reduction,429.05456292335316,1000.9066054112214,-571.8520424878683
2024-11-26 16:00:00,Irregular Pattern,691.027122782999,1000.9066054112214,-309.8794826282225
2024-11-29 17:00:00,Peak Load Spike,1344.0764864006817,1000.9066054112214,343.16988098946024
2024-12-04 04:00:00,Peak Load Spike,1635.9486258208872,1000.9066054112214,635.0420204096657
2024-12-06 20:00:00,Irregular Pattern,670.498972486449,1000.9066054112214,-330.40763292477243
2024-12-07 16:00:00,Abnormal Reduction,643.3744427333693,1000.9066054112214,-357.53216267785217
2024-12-13 08:00:00,Abnormal Reduction,660.6463988558119,1000.9066054112214,-340.2602065554096
